DRUG,δD,δP,δH,EXCIPIENT,δD,δP,δH,HSP distance,CLASS
Sorafenib,20.8,13.82,8.86,caffeine,19.56,12.51,8.5,2.8,0
Sorafenib,20.8,13.82,8.86,succinic_acid,17.31,10.61,21.83,15.1,0
Sorafenib,20.8,13.82,8.86,octyl_gallate,18.28,6.7,5.16,9.5,0
Sorafenib,20.8,13.82,8.86,DL-malic_acid,17.74,12.57,26.01,18.3,0
Sorafenib,20.8,13.82,8.86,adipic_acid,16.98,8.47,17.7,12.9,0
Sorafenib,20.8,13.82,8.86,Triazabicyclodecene,18.2,11.97,6.46,6,0
Sorafenib,20.8,13.82,8.86,DBU,17.68,6.35,4.12,10.8,0
Sorafenib,20.8,13.82,8.86,L-asparagine,17.97,15.84,21.72,14.2,0
Sorafenib,20.8,13.82,8.86,theobromine,20.27,19.97,12.26,7.1,0
Sorafenib,20.8,13.82,8.86,"3,3'-thiodipropionic_acid",17.99,9.33,17.18,11,0
Sorafenib,20.8,13.82,8.86,theophylline,19.72,15.42,10.5,3.1,0
Sorafenib,20.8,13.82,8.86,borneol,16.9,3.65,7.31,12.9,0
Sorafenib,20.8,13.82,8.86,cinnamaldehyde,18.72,6.69,5.42,8.9,0
Sorafenib,20.8,13.82,8.86,aspartame,18.51,10.27,12.2,6.7,0
Sorafenib,20.8,13.82,8.86,squalene,16.95,0.86,3.12,16.1,0
Sorafenib,20.8,13.82,8.86,benzaldehyde,18.88,7.99,6.22,7.5,0
Sorafenib,20.8,13.82,8.86,sodium_deoxycholate,,,,,1
Sorafenib,20.8,13.82,8.86,cholic_acid,17.59,5.89,9.8,10.2,1
Sorafenib,20.8,13.82,8.86,glycocholic_acid,18.16,9.57,9.65,6.8,1
Sorafenib,20.8,13.82,8.86,sucrose_octaacetate,17.14,4.13,8.9,12.1,0
Sorafenib,20.8,13.82,8.86,trans_anethole,18.44,4.47,5.05,11.1,0
Sorafenib,20.8,13.82,8.86,indomethacin,20.69,6.49,6.83,7.6,1
Sorafenib,20.8,13.82,8.86,terpinyl_butyrate,16.54,2.18,3.61,15.4,0
Sorafenib,20.8,13.82,8.86,hydrocortisone,19.17,10.13,9.2,4.9,0
Sorafenib,20.8,13.82,8.86,candesartan_cilexetil,20.92,7.6,2.74,8.7,1
Sorafenib,20.8,13.82,8.86,neohesperidin_DC,19.52,8.77,8.38,5.7,0
Sorafenib,20.8,13.82,8.86,ursodiol,17.67,4.96,8.41,10.9,0
Sorafenib,20.8,13.82,8.86,diclofenac,20.62,6.6,9.97,7.3,0
Sorafenib,20.8,13.82,8.86,eucalyptol,16.65,2.78,2.46,15.2,0
Sorafenib,20.8,13.82,8.86,beta_carotene,17.74,0.83,1.9,16,0
Sorafenib,20.8,13.82,8.86,menthol,16.45,3.51,6.91,13.6,0
Sorafenib,20.8,13.82,8.86,alpha-terpineol,17.03,3.58,7.66,12.8,0
Sorafenib,20.8,13.82,8.86,fenchyl_alcohol,16.9,3.65,7.31,12.9,0
Sorafenib,20.8,13.82,8.86,biotin,18.61,12.54,11.01,5,0
Sorafenib,20.8,13.82,8.86,xylitol,17.65,11.5,28.94,21.2,0
Sorafenib,20.8,13.82,8.86,trans-cinnamic_acid,18.96,5.39,11.32,9.5,0
Sorafenib,20.8,13.82,8.86,thimerosal,,,,,0
Sorafenib,20.8,13.82,8.86,tyramine,19.15,6.66,12.88,8.8,0
Sorafenib,20.8,13.82,8.86,fumaric_acid,18.16,10.78,23.02,15.4,0
Sorafenib,20.8,13.82,8.86,congo_red,,,,,1
Sorafenib,20.8,13.82,8.86,vanillin,19.55,10.69,12.52,5.4,0
Sorafenib,20.8,13.82,8.86,saccharin,21.51,20.55,10.01,7,0
Sorafenib,20.8,13.82,8.86,allantoin,20.22,27.11,20.72,17.9,0
Sorafenib,20.8,13.82,8.86,vitamin_A_palmitate,16.79,0.96,1.98,16.6,0
Sorafenib,20.8,13.82,8.86,acetylcholine_chloride,,,,,0
Sorafenib,20.8,13.82,8.86,dibutyl_phthalate,17.57,6.7,3.28,11.1,0
Sorafenib,20.8,13.82,8.86,trometamol,18.86,11.79,26.42,18.1,0
Sorafenib,20.8,13.82,8.86,benzoyl_peroxide,18.94,7.83,4.33,8.4,0
Sorafenib,20.8,13.82,8.86,triethyl_citrate,16.76,5.98,10.08,11.3,0
Sorafenib,20.8,13.82,8.86,triacetin,16.84,5.82,8.67,11.3,0
Sorafenib,20.8,13.82,8.86,glycerol,18.33,12.69,27.83,19.6,1
Sorafenib,20.8,13.82,8.86,propylene_glycol,17.27,10.18,22.11,15.4,0
Sorafenib,20.8,13.82,8.86,mebendazole,20.79,11.36,4.74,4.8,0
Sorafenib,20.8,13.82,8.86,L-proline,17.81,8.71,14.5,9.7,0
Sorafenib,20.8,13.82,8.86,L-lysine,16.77,7.19,14.28,11.8,0
Sorafenib,20.8,13.82,8.86,L-ascorbic_acid,20.31,14.23,25.82,17,0
Sorafenib,20.8,13.82,8.86,stearic_acid,16.19,2.76,5.24,14.8,0
Sorafenib,20.8,13.82,8.86,(R)-(+)-Limonene,16.67,1.92,3.19,15.6,0
Sorafenib,20.8,13.82,8.86,meglumine,17.35,10.29,24.42,17.4,0
Sorafenib,20.8,13.82,8.86,hydrochlorothiazide,21.49,26.03,14.41,13.5,0
Sorafenib,20.8,13.82,8.86,ketoprofen,19.46,6.08,7.35,8.3,0
Sorafenib,20.8,13.82,8.86,memantine_hydrochloride,,,,,0
Sorafenib,20.8,13.82,8.86,naproxen_sodium,,,,,0
Sorafenib,20.8,13.82,8.86,mannitol,17.34,11.22,29.88,22.3,0
Sorafenib,20.8,13.82,8.86,D-sorbitol,17.34,11.22,29.88,22.3,0
Sorafenib,20.8,13.82,8.86,tannic_acid,,,,,1
Sorafenib,20.8,13.82,8.86,rhodamine_B,,,,,0
Sorafenib,20.8,13.82,8.86,moxifloxacin,20.99,14.79,10.92,2.3,0
Sorafenib,20.8,13.82,8.86,ciprofloxacin,20.71,16.41,12.59,4.5,0
Sorafenib,20.8,13.82,8.86,certirizine,19.36,4.83,8.02,9.5,0
Sorafenib,20.8,13.82,8.86,budesonide,18.56,8.1,5.91,7.8,0
Sorafenib,20.8,13.82,8.86,etidronic_acid,,,,,0
Sorafenib,20.8,13.82,8.86,emtricitabine,18.4,11.05,11.14,6,0
Sorafenib,20.8,13.82,8.86,metoprolol(+)-tartrate,,,,,0
Sorafenib,20.8,13.82,8.86,phenytoin,19.82,5.76,7.36,8.4,0
Sorafenib,20.8,13.82,8.86,propranolol_hydrochloride,,,,,0
Sorafenib,20.8,13.82,8.86,captan,20.2,6.01,3.8,9.4,0
Sorafenib,20.8,13.82,8.86,neotame,17.51,7.55,8.49,9.1,0
Sorafenib,20.8,13.82,8.86,alendronate_sodium,,,,,0
Sorafenib,20.8,13.82,8.86,piroxicam,21.13,17.86,12.48,5.5,0
Sorafenib,20.8,13.82,8.86,desipramine_hydrochloride,,,,,0
Sorafenib,20.8,13.82,8.86,nadolol,18.03,6.73,0.1,12.6,0
Sorafenib,20.8,13.82,8.86,omeprazole,20.33,12.11,6.97,2.7,0
Sorafenib,20.8,13.82,8.86,labetalol_hydrochloride,,,,,0
Sorafenib,20.8,13.82,8.86,prednisone,19.72,11.17,7.48,3.7,0
Sorafenib,20.8,13.82,8.86,risperidone,18.33,6.57,5.34,9.5,0
Sorafenib,20.8,13.82,8.86,fluconazole,19.74,11.6,8.68,3.1,0
Sorafenib,20.8,13.82,8.86,methotrexate_hydrate,,,,,0
Sorafenib,20.8,13.82,8.86,tenofovir_alafenamide,19.77,13.11,7.98,2.3,0
Sorafenib,20.8,13.82,8.86,carbamazepine,20.92,8.06,4.47,7.2,0
Lumefantrine,19.45,3.31,5.41,caffeine,19.56,12.51,8.5,9.7,0
Lumefantrine,19.45,3.31,5.41,succinic_acid,17.31,10.61,21.83,18.5,0
Lumefantrine,19.45,3.31,5.41,octyl_gallate,18.28,6.7,5.16,4.1,0
Lumefantrine,19.45,3.31,5.41,DL-malic_acid,17.74,12.57,26.01,22.8,0
Lumefantrine,19.45,3.31,5.41,adipic_acid,16.98,8.47,17.7,14.2,0
Lumefantrine,19.45,3.31,5.41,Triazabicyclodecene,18.2,11.97,6.46,9.1,0
Lumefantrine,19.45,3.31,5.41,DBU,17.68,6.35,4.12,4.8,0
Lumefantrine,19.45,3.31,5.41,L-asparagine,17.97,15.84,21.72,20.8,0
Lumefantrine,19.45,3.31,5.41,theobromine,20.27,19.97,12.26,18.1,0
Lumefantrine,19.45,3.31,5.41,"3,3'-thiodipropionic_acid",17.99,9.33,17.18,13.5,0
Lumefantrine,19.45,3.31,5.41,theophylline,19.72,15.42,10.5,13.1,0
Lumefantrine,19.45,3.31,5.41,borneol,16.9,3.65,7.31,5.5,0
Lumefantrine,19.45,3.31,5.41,cinnamaldehyde,18.72,6.69,5.42,3.7,0
Lumefantrine,19.45,3.31,5.41,aspartame,18.51,10.27,12.2,9.9,0
Lumefantrine,19.45,3.31,5.41,squalene,16.95,0.86,3.12,6,0
Lumefantrine,19.45,3.31,5.41,benzaldehyde,18.88,7.99,6.22,4.9,0
Lumefantrine,19.45,3.31,5.41,sodium_deoxycholate,,,,,1
Lumefantrine,19.45,3.31,5.41,cholic_acid,17.59,5.89,9.8,6.3,0
Lumefantrine,19.45,3.31,5.41,glycocholic_acid,18.16,9.57,9.65,8,1
Lumefantrine,19.45,3.31,5.41,sucrose_octaacetate,17.14,4.13,8.9,5.8,0
Lumefantrine,19.45,3.31,5.41,trans_anethole,18.44,4.47,5.05,2.4,1
Lumefantrine,19.45,3.31,5.41,indomethacin,20.69,6.49,6.83,4.3,1
Lumefantrine,19.45,3.31,5.41,terpinyl_butyrate,16.54,2.18,3.61,6.2,0
Lumefantrine,19.45,3.31,5.41,hydrocortisone,19.17,10.13,9.2,7.8,0
Lumefantrine,19.45,3.31,5.41,candesartan_cilexetil,20.92,7.6,2.74,5.8,1
Lumefantrine,19.45,3.31,5.41,neohesperidin_DC,19.52,8.77,8.38,6.2,0
Lumefantrine,19.45,3.31,5.41,ursodiol,17.67,4.96,8.41,4.9,0
Lumefantrine,19.45,3.31,5.41,diclofenac,20.62,6.6,9.97,6.1,0
Lumefantrine,19.45,3.31,5.41,eucalyptol,16.65,2.78,2.46,6.4,0
Lumefantrine,19.45,3.31,5.41,beta_carotene,17.74,0.83,1.9,5.5,0
Lumefantrine,19.45,3.31,5.41,menthol,16.45,3.51,6.91,6.2,0
Lumefantrine,19.45,3.31,5.41,alpha-terpineol,17.03,3.58,7.66,5.3,0
Lumefantrine,19.45,3.31,5.41,fenchyl_alcohol,16.9,3.65,7.31,5.5,0
Lumefantrine,19.45,3.31,5.41,biotin,18.61,12.54,11.01,10.9,0
Lumefantrine,19.45,3.31,5.41,xylitol,17.65,11.5,28.94,25.2,0
Lumefantrine,19.45,3.31,5.41,trans-cinnamic_acid,18.96,5.39,11.32,6.3,0
Lumefantrine,19.45,3.31,5.41,thimerosal,,,,,0
Lumefantrine,19.45,3.31,5.41,tyramine,19.15,6.66,12.88,8.2,0
Lumefantrine,19.45,3.31,5.41,fumaric_acid,18.16,10.78,23.02,19.3,0
Lumefantrine,19.45,3.31,5.41,congo_red,,,,,1
Lumefantrine,19.45,3.31,5.41,vanillin,19.55,10.69,12.52,10.2,0
Lumefantrine,19.45,3.31,5.41,saccharin,21.51,20.55,10.01,18.3,0
Lumefantrine,19.45,3.31,5.41,allantoin,20.22,27.11,20.72,28.3,0
Lumefantrine,19.45,3.31,5.41,vitamin_A_palmitate,16.79,0.96,1.98,6.8,1
Lumefantrine,19.45,3.31,5.41,acetylcholine_chloride,,,,,0
Lumefantrine,19.45,3.31,5.41,dibutyl_phthalate,17.57,6.7,3.28,5.5,0
Lumefantrine,19.45,3.31,5.41,trometamol,18.86,11.79,26.42,22.7,0
Lumefantrine,19.45,3.31,5.41,benzoyl_peroxide,18.94,7.83,4.33,4.8,0
Lumefantrine,19.45,3.31,5.41,triethyl_citrate,16.76,5.98,10.08,7.6,0
Lumefantrine,19.45,3.31,5.41,triacetin,16.84,5.82,8.67,6.6,0
Lumefantrine,19.45,3.31,5.41,glycerol,18.33,12.69,27.83,24.4,0
Lumefantrine,19.45,3.31,5.41,propylene_glycol,17.27,10.18,22.11,18.6,0
Lumefantrine,19.45,3.31,5.41,mebendazole,20.79,11.36,4.74,8.5,0
Lumefantrine,19.45,3.31,5.41,L-proline,17.81,8.71,14.5,11.1,0
Lumefantrine,19.45,3.31,5.41,L-lysine,16.77,7.19,14.28,11.1,0
Lumefantrine,19.45,3.31,5.41,L-ascorbic_acid,20.31,14.23,25.82,23.2,0
Lumefantrine,19.45,3.31,5.41,stearic_acid,16.19,2.76,5.24,6.5,0
Lumefantrine,19.45,3.31,5.41,(R)-(+)-Limonene,16.67,1.92,3.19,6.1,0
Lumefantrine,19.45,3.31,5.41,meglumine,17.35,10.29,24.42,20.7,0
Lumefantrine,19.45,3.31,5.41,hydrochlorothiazide,21.49,26.03,14.41,24.8,0
Lumefantrine,19.45,3.31,5.41,ketoprofen,19.46,6.08,7.35,3.4,0
Lumefantrine,19.45,3.31,5.41,memantine_hydrochloride,,,,,0
Lumefantrine,19.45,3.31,5.41,naproxen_sodium,,,,,0
Lumefantrine,19.45,3.31,5.41,mannitol,17.34,11.22,29.88,26.1,0
Lumefantrine,19.45,3.31,5.41,D-sorbitol,17.34,11.22,29.88,26.1,0
Lumefantrine,19.45,3.31,5.41,tannic_acid,,,,,0
Lumefantrine,19.45,3.31,5.41,rhodamine_B,,,,,0
Lumefantrine,19.45,3.31,5.41,moxifloxacin,20.99,14.79,10.92,13.1,0
Lumefantrine,19.45,3.31,5.41,ciprofloxacin,20.71,16.41,12.59,15.1,0
Lumefantrine,19.45,3.31,5.41,certirizine,19.36,4.83,8.02,3,0
Lumefantrine,19.45,3.31,5.41,budesonide,18.56,8.1,5.91,5.1,0
Lumefantrine,19.45,3.31,5.41,etidronic_acid,,,,,0
Lumefantrine,19.45,3.31,5.41,emtricitabine,18.4,11.05,11.14,9.9,0
Lumefantrine,19.45,3.31,5.41,metoprolol(+)-tartrate,,,,,0
Lumefantrine,19.45,3.31,5.41,phenytoin,19.82,5.76,7.36,3.2,0
Lumefantrine,19.45,3.31,5.41,propranolol_hydrochloride,,,,,0
Lumefantrine,19.45,3.31,5.41,captan,20.2,6.01,3.8,3.5,0
Lumefantrine,19.45,3.31,5.41,neotame,17.51,7.55,8.49,6.5,0
Lumefantrine,19.45,3.31,5.41,alendronate_sodium,,,,,0
Lumefantrine,19.45,3.31,5.41,piroxicam,21.13,17.86,12.48,16.5,0
Lumefantrine,19.45,3.31,5.41,desipramine_hydrochloride,,,,,0
Lumefantrine,19.45,3.31,5.41,nadolol,18.03,6.73,0.1,6.9,0
Lumefantrine,19.45,3.31,5.41,omeprazole,20.33,12.11,6.97,9.1,0
Lumefantrine,19.45,3.31,5.41,labetalol_hydrochloride,,,,,0
Lumefantrine,19.45,3.31,5.41,prednisone,19.72,11.17,7.48,8.1,0
Lumefantrine,19.45,3.31,5.41,risperidone,18.33,6.57,5.34,4,0
Lumefantrine,19.45,3.31,5.41,fluconazole,19.74,11.6,8.68,8.9,0
Lumefantrine,19.45,3.31,5.41,methotrexate_hydrate,,,,,0
Lumefantrine,19.45,3.31,5.41,tenofovir_alafenamide,19.77,13.11,7.98,10.2,0
Lumefantrine,19.45,3.31,5.41,carbamazepine,20.92,8.06,4.47,5.7,0
Atovaquone,19.85,10.53,7.67,caffeine,19.56,12.51,8.5,2.2,0
Atovaquone,19.85,10.53,7.67,succinic_acid,17.31,10.61,21.83,15,0
Atovaquone,19.85,10.53,7.67,octyl_gallate,18.28,6.7,5.16,5.6,1
Atovaquone,19.85,10.53,7.67,DL-malic_acid,17.74,12.57,26.01,18.9,0
Atovaquone,19.85,10.53,7.67,adipic_acid,16.98,8.47,17.7,11.7,0
Atovaquone,19.85,10.53,7.67,Triazabicyclodecene,18.2,11.97,6.46,3.8,0
Atovaquone,19.85,10.53,7.67,DBU,17.68,6.35,4.12,7,0
Atovaquone,19.85,10.53,7.67,L-asparagine,17.97,15.84,21.72,15.5,0
Atovaquone,19.85,10.53,7.67,theobromine,20.27,19.97,12.26,10.5,0
Atovaquone,19.85,10.53,7.67,"3,3'-thiodipropionic_acid",17.99,9.33,17.18,10.3,0
Atovaquone,19.85,10.53,7.67,theophylline,19.72,15.42,10.5,5.7,0
Atovaquone,19.85,10.53,7.67,borneol,16.9,3.65,7.31,9.1,0
Atovaquone,19.85,10.53,7.67,cinnamaldehyde,18.72,6.69,5.42,5,0
Atovaquone,19.85,10.53,7.67,aspartame,18.51,10.27,12.2,5.3,0
Atovaquone,19.85,10.53,7.67,squalene,16.95,0.86,3.12,12.2,0
Atovaquone,19.85,10.53,7.67,benzaldehyde,18.88,7.99,6.22,3.5,0
Atovaquone,19.85,10.53,7.67,sodium_deoxycholate,,,,,0
Atovaquone,19.85,10.53,7.67,cholic_acid,17.59,5.89,9.8,6.8,0
Atovaquone,19.85,10.53,7.67,glycocholic_acid,18.16,9.57,9.65,4,0
Atovaquone,19.85,10.53,7.67,sucrose_octaacetate,17.14,4.13,8.9,8.5,1
Atovaquone,19.85,10.53,7.67,trans_anethole,18.44,4.47,5.05,7.2,0
Atovaquone,19.85,10.53,7.67,indomethacin,20.69,6.49,6.83,4.5,0
Atovaquone,19.85,10.53,7.67,terpinyl_butyrate,16.54,2.18,3.61,11.4,1
Atovaquone,19.85,10.53,7.67,hydrocortisone,19.17,10.13,9.2,2.1,0
Atovaquone,19.85,10.53,7.67,candesartan_cilexetil,20.92,7.6,2.74,6.1,0
Atovaquone,19.85,10.53,7.67,neohesperidin_DC,19.52,8.77,8.38,2,0
Atovaquone,19.85,10.53,7.67,ursodiol,17.67,4.96,8.41,7.1,0
Atovaquone,19.85,10.53,7.67,diclofenac,20.62,6.6,9.97,4.8,0
Atovaquone,19.85,10.53,7.67,eucalyptol,16.65,2.78,2.46,11.3,0
Atovaquone,19.85,10.53,7.67,beta_carotene,17.74,0.83,1.9,12,0
Atovaquone,19.85,10.53,7.67,menthol,16.45,3.51,6.91,9.8,0
Atovaquone,19.85,10.53,7.67,alpha-terpineol,17.03,3.58,7.66,9,0
Atovaquone,19.85,10.53,7.67,fenchyl_alcohol,16.9,3.65,7.31,9.1,0
Atovaquone,19.85,10.53,7.67,biotin,18.61,12.54,11.01,4.6,0
Atovaquone,19.85,10.53,7.67,xylitol,17.65,11.5,28.94,21.7,0
Atovaquone,19.85,10.53,7.67,trans-cinnamic_acid,18.96,5.39,11.32,6.6,0
Atovaquone,19.85,10.53,7.67,thimerosal,,,,,0
Atovaquone,19.85,10.53,7.67,tyramine,19.15,6.66,12.88,6.6,0
Atovaquone,19.85,10.53,7.67,fumaric_acid,18.16,10.78,23.02,15.7,0
Atovaquone,19.85,10.53,7.67,congo_red,,,,,1
Atovaquone,19.85,10.53,7.67,vanillin,19.55,10.69,12.52,4.9,0
Atovaquone,19.85,10.53,7.67,saccharin,21.51,20.55,10.01,10.8,0
Atovaquone,19.85,10.53,7.67,allantoin,20.22,27.11,20.72,21.1,0
Atovaquone,19.85,10.53,7.67,vitamin_A_palmitate,16.79,0.96,1.98,12.7,1
Atovaquone,19.85,10.53,7.67,acetylcholine_chloride,,,,,0
Atovaquone,19.85,10.53,7.67,dibutyl_phthalate,17.57,6.7,3.28,7.4,1
Atovaquone,19.85,10.53,7.67,trometamol,18.86,11.79,26.42,18.9,0
Atovaquone,19.85,10.53,7.67,benzoyl_peroxide,18.94,7.83,4.33,4.7,1
Atovaquone,19.85,10.53,7.67,triethyl_citrate,16.76,5.98,10.08,8,0
Atovaquone,19.85,10.53,7.67,triacetin,16.84,5.82,8.67,7.7,0
Atovaquone,19.85,10.53,7.67,glycerol,18.33,12.69,27.83,20.5,0
Atovaquone,19.85,10.53,7.67,propylene_glycol,17.27,10.18,22.11,15.3,0
Atovaquone,19.85,10.53,7.67,mebendazole,20.79,11.36,4.74,3.6,0
Atovaquone,19.85,10.53,7.67,L-proline,17.81,8.71,14.5,8.2,0
Atovaquone,19.85,10.53,7.67,L-lysine,16.77,7.19,14.28,9.6,0
Atovaquone,19.85,10.53,7.67,L-ascorbic_acid,20.31,14.23,25.82,18.5,0
Atovaquone,19.85,10.53,7.67,stearic_acid,16.19,2.76,5.24,10.9,0
Atovaquone,19.85,10.53,7.67,(R)-(+)-Limonene,16.67,1.92,3.19,11.6,0
Atovaquone,19.85,10.53,7.67,meglumine,17.35,10.29,24.42,17.5,0
Atovaquone,19.85,10.53,7.67,hydrochlorothiazide,21.49,26.03,14.41,17.2,0
Atovaquone,19.85,10.53,7.67,ketoprofen,19.46,6.08,7.35,4.5,0
Atovaquone,19.85,10.53,7.67,memantine_hydrochloride,,,,,0
Atovaquone,19.85,10.53,7.67,naproxen_sodium,,,,,0
Atovaquone,19.85,10.53,7.67,mannitol,17.34,11.22,29.88,22.8,0
Atovaquone,19.85,10.53,7.67,D-sorbitol,17.34,11.22,29.88,22.8,0
Atovaquone,19.85,10.53,7.67,tannic_acid,,,,,0
Atovaquone,19.85,10.53,7.67,rhodamine_B,,,,,0
Atovaquone,19.85,10.53,7.67,moxifloxacin,20.99,14.79,10.92,5.8,0
Atovaquone,19.85,10.53,7.67,ciprofloxacin,20.71,16.41,12.59,7.9,0
Atovaquone,19.85,10.53,7.67,certirizine,19.36,4.83,8.02,5.8,0
Atovaquone,19.85,10.53,7.67,budesonide,18.56,8.1,5.91,4,1
Atovaquone,19.85,10.53,7.67,etidronic_acid,,,,,0
Atovaquone,19.85,10.53,7.67,emtricitabine,18.4,11.05,11.14,4.6,0
Atovaquone,19.85,10.53,7.67,metoprolol(+)-tartrate,,,,,0
Atovaquone,19.85,10.53,7.67,phenytoin,19.82,5.76,7.36,4.8,0
Atovaquone,19.85,10.53,7.67,propranolol_hydrochloride,,,,,1
Atovaquone,19.85,10.53,7.67,captan,20.2,6.01,3.8,6,0
Atovaquone,19.85,10.53,7.67,neotame,17.51,7.55,8.49,5.6,0
Atovaquone,19.85,10.53,7.67,alendronate_sodium,,,,,0
Atovaquone,19.85,10.53,7.67,piroxicam,21.13,17.86,12.48,9.1,0
Atovaquone,19.85,10.53,7.67,desipramine_hydrochloride,,,,,1
Atovaquone,19.85,10.53,7.67,nadolol,18.03,6.73,0.1,9.2,0
Atovaquone,19.85,10.53,7.67,omeprazole,20.33,12.11,6.97,2,0
Atovaquone,19.85,10.53,7.67,labetalol_hydrochloride,,,,,0
Atovaquone,19.85,10.53,7.67,prednisone,19.72,11.17,7.48,0.7,0
Atovaquone,19.85,10.53,7.67,risperidone,18.33,6.57,5.34,5.5,1
Atovaquone,19.85,10.53,7.67,fluconazole,19.74,11.6,8.68,1.5,0
Atovaquone,19.85,10.53,7.67,methotrexate_hydrate,,,,,0
Atovaquone,19.85,10.53,7.67,tenofovir_alafenamide,19.77,13.11,7.98,2.6,0
Atovaquone,19.85,10.53,7.67,carbamazepine,20.92,8.06,4.47,4.6,0
Nelfinavir,20.27,9.6,4.66,caffeine,19.56,12.51,8.5,5,0
Nelfinavir,20.27,9.6,4.66,succinic_acid,17.31,10.61,21.83,18.2,0
Nelfinavir,20.27,9.6,4.66,octyl_gallate,18.28,6.7,5.16,4.9,0
Nelfinavir,20.27,9.6,4.66,DL-malic_acid,17.74,12.57,26.01,22.1,0
Nelfinavir,20.27,9.6,4.66,adipic_acid,16.98,8.47,17.7,14.6,0
Nelfinavir,20.27,9.6,4.66,Triazabicyclodecene,18.2,11.97,6.46,5.1,0
Nelfinavir,20.27,9.6,4.66,DBU,17.68,6.35,4.12,6.1,0
Nelfinavir,20.27,9.6,4.66,L-asparagine,17.97,15.84,21.72,18.7,0
Nelfinavir,20.27,9.6,4.66,theobromine,20.27,19.97,12.26,12.9,0
Nelfinavir,20.27,9.6,4.66,"3,3'-thiodipropionic_acid",17.99,9.33,17.18,13.3,0
Nelfinavir,20.27,9.6,4.66,theophylline,19.72,15.42,10.5,8.3,0
Nelfinavir,20.27,9.6,4.66,borneol,16.9,3.65,7.31,9.4,0
Nelfinavir,20.27,9.6,4.66,cinnamaldehyde,18.72,6.69,5.42,4.3,0
Nelfinavir,20.27,9.6,4.66,aspartame,18.51,10.27,12.2,8.3,0
Nelfinavir,20.27,9.6,4.66,squalene,16.95,0.86,3.12,11.1,0
Nelfinavir,20.27,9.6,4.66,benzaldehyde,18.88,7.99,6.22,3.6,0
Nelfinavir,20.27,9.6,4.66,sodium_deoxycholate,,,,,0
Nelfinavir,20.27,9.6,4.66,cholic_acid,17.59,5.89,9.8,8.3,0
Nelfinavir,20.27,9.6,4.66,glycocholic_acid,18.16,9.57,9.65,6.5,0
Nelfinavir,20.27,9.6,4.66,sucrose_octaacetate,17.14,4.13,8.9,9.3,0
Nelfinavir,20.27,9.6,4.66,trans_anethole,18.44,4.47,5.05,6.3,0
Nelfinavir,20.27,9.6,4.66,indomethacin,20.69,6.49,6.83,3.9,0
Nelfinavir,20.27,9.6,4.66,terpinyl_butyrate,16.54,2.18,3.61,10.6,0
Nelfinavir,20.27,9.6,4.66,hydrocortisone,19.17,10.13,9.2,5.1,0
Nelfinavir,20.27,9.6,4.66,candesartan_cilexetil,20.92,7.6,2.74,3.1,1
Nelfinavir,20.27,9.6,4.66,neohesperidin_DC,19.52,8.77,8.38,4.1,0
Nelfinavir,20.27,9.6,4.66,ursodiol,17.67,4.96,8.41,7.9,0
Nelfinavir,20.27,9.6,4.66,diclofenac,20.62,6.6,9.97,6.1,0
Nelfinavir,20.27,9.6,4.66,eucalyptol,16.65,2.78,2.46,10.2,0
Nelfinavir,20.27,9.6,4.66,beta_carotene,17.74,0.83,1.9,10.5,0
Nelfinavir,20.27,9.6,4.66,menthol,16.45,3.51,6.91,10,0
Nelfinavir,20.27,9.6,4.66,alpha-terpineol,17.03,3.58,7.66,9.3,0
Nelfinavir,20.27,9.6,4.66,fenchyl_alcohol,16.9,3.65,7.31,9.4,0
Nelfinavir,20.27,9.6,4.66,biotin,18.61,12.54,11.01,7.7,0
Nelfinavir,20.27,9.6,4.66,xylitol,17.65,11.5,28.94,24.9,0
Nelfinavir,20.27,9.6,4.66,trans-cinnamic_acid,18.96,5.39,11.32,8.3,0
Nelfinavir,20.27,9.6,4.66,thimerosal,,,,,0
Nelfinavir,20.27,9.6,4.66,tyramine,19.15,6.66,12.88,9,0
Nelfinavir,20.27,9.6,4.66,fumaric_acid,18.16,10.78,23.02,18.9,0
Nelfinavir,20.27,9.6,4.66,congo_red,,,,,1
Nelfinavir,20.27,9.6,4.66,vanillin,19.55,10.69,12.52,8.1,0
Nelfinavir,20.27,9.6,4.66,saccharin,21.51,20.55,10.01,12.4,0
Nelfinavir,20.27,9.6,4.66,allantoin,20.22,27.11,20.72,23.8,0
Nelfinavir,20.27,9.6,4.66,vitamin_A_palmitate,16.79,0.96,1.98,11.4,0
Nelfinavir,20.27,9.6,4.66,acetylcholine_chloride,,,,,0
Nelfinavir,20.27,9.6,4.66,dibutyl_phthalate,17.57,6.7,3.28,6.3,0
Nelfinavir,20.27,9.6,4.66,trometamol,18.86,11.79,26.42,22.1,0
Nelfinavir,20.27,9.6,4.66,benzoyl_peroxide,18.94,7.83,4.33,3.2,0
Nelfinavir,20.27,9.6,4.66,triethyl_citrate,16.76,5.98,10.08,9.6,0
Nelfinavir,20.27,9.6,4.66,triacetin,16.84,5.82,8.67,8.8,1
Nelfinavir,20.27,9.6,4.66,glycerol,18.33,12.69,27.83,23.7,0
Nelfinavir,20.27,9.6,4.66,propylene_glycol,17.27,10.18,22.11,18.5,0
Nelfinavir,20.27,9.6,4.66,mebendazole,20.79,11.36,4.74,2,0
Nelfinavir,20.27,9.6,4.66,L-proline,17.81,8.71,14.5,11,1
Nelfinavir,20.27,9.6,4.66,L-lysine,16.77,7.19,14.28,12.1,1
Nelfinavir,20.27,9.6,4.66,L-ascorbic_acid,20.31,14.23,25.82,21.7,0
Nelfinavir,20.27,9.6,4.66,stearic_acid,16.19,2.76,5.24,10.7,0
Nelfinavir,20.27,9.6,4.66,(R)-(+)-Limonene,16.67,1.92,3.19,10.6,0
Nelfinavir,20.27,9.6,4.66,meglumine,17.35,10.29,24.42,20.6,0
Nelfinavir,20.27,9.6,4.66,hydrochlorothiazide,21.49,26.03,14.41,19.3,1
Nelfinavir,20.27,9.6,4.66,ketoprofen,19.46,6.08,7.35,4.7,0
Nelfinavir,20.27,9.6,4.66,memantine_hydrochloride,,,,,1
Nelfinavir,20.27,9.6,4.66,naproxen_sodium,,,,,1
Nelfinavir,20.27,9.6,4.66,mannitol,17.34,11.22,29.88,25.9,0
Nelfinavir,20.27,9.6,4.66,D-sorbitol,17.34,11.22,29.88,25.9,0
Nelfinavir,20.27,9.6,4.66,tannic_acid,,,,,0
Nelfinavir,20.27,9.6,4.66,rhodamine_B,,,,,0
Nelfinavir,20.27,9.6,4.66,moxifloxacin,20.99,14.79,10.92,8.3,0
Nelfinavir,20.27,9.6,4.66,ciprofloxacin,20.71,16.41,12.59,10.5,0
Nelfinavir,20.27,9.6,4.66,certirizine,19.36,4.83,8.02,6.1,0
Nelfinavir,20.27,9.6,4.66,budesonide,18.56,8.1,5.91,3.9,0
Nelfinavir,20.27,9.6,4.66,etidronic_acid,,,,,0
Nelfinavir,20.27,9.6,4.66,emtricitabine,18.4,11.05,11.14,7.6,0
Nelfinavir,20.27,9.6,4.66,metoprolol(+)-tartrate,,,,,1
Nelfinavir,20.27,9.6,4.66,phenytoin,19.82,5.76,7.36,4.8,0
Nelfinavir,20.27,9.6,4.66,propranolol_hydrochloride,,,,,0
Nelfinavir,20.27,9.6,4.66,captan,20.2,6.01,3.8,3.7,1
Nelfinavir,20.27,9.6,4.66,neotame,17.51,7.55,8.49,7,1
Nelfinavir,20.27,9.6,4.66,alendronate_sodium,,,,,1
Nelfinavir,20.27,9.6,4.66,piroxicam,21.13,17.86,12.48,11.5,1
Nelfinavir,20.27,9.6,4.66,desipramine_hydrochloride,,,,,1
Nelfinavir,20.27,9.6,4.66,nadolol,18.03,6.73,0.1,7,0
Nelfinavir,20.27,9.6,4.66,omeprazole,20.33,12.11,6.97,3.4,0
Nelfinavir,20.27,9.6,4.66,labetalol_hydrochloride,,,,,1
Nelfinavir,20.27,9.6,4.66,prednisone,19.72,11.17,7.48,3.4,1
Nelfinavir,20.27,9.6,4.66,risperidone,18.33,6.57,5.34,5,1
Nelfinavir,20.27,9.6,4.66,fluconazole,19.74,11.6,8.68,4.6,1
Nelfinavir,20.27,9.6,4.66,methotrexate_hydrate,,,,,1
Nelfinavir,20.27,9.6,4.66,tenofovir_alafenamide,19.77,13.11,7.98,4.9,1
Nelfinavir,20.27,9.6,4.66,carbamazepine,20.92,8.06,4.47,2,1
Gefitinib,,,,caffeine,,,,,0
Gefitinib,,,,succinic_acid,,,,,0
Gefitinib,,,,octyl_gallate,,,,,0
Gefitinib,,,,DL-malic_acid,,,,,0
Gefitinib,,,,adipic_acid,,,,,0
Gefitinib,,,,Triazabicyclodecene,,,,,0
Gefitinib,,,,DBU,,,,,0
Gefitinib,,,,L-asparagine,,,,,0
Gefitinib,,,,theobromine,,,,,0
Gefitinib,,,,"3,3'-thiodipropionic_acid",,,,,0
Gefitinib,,,,theophylline,,,,,0
Gefitinib,,,,borneol,,,,,0
Gefitinib,,,,cinnamaldehyde,,,,,0
Gefitinib,,,,aspartame,,,,,0
Gefitinib,,,,squalene,,,,,0
Gefitinib,,,,benzaldehyde,,,,,0
Gefitinib,,,,sodium_deoxycholate,,,,,0
Gefitinib,,,,cholic_acid,,,,,0
Gefitinib,,,,glycocholic_acid,,,,,0
Gefitinib,,,,sucrose_octaacetate,,,,,0
Gefitinib,,,,trans_anethole,,,,,0
Gefitinib,,,,indomethacin,,,,,0
Gefitinib,,,,terpinyl_butyrate,,,,,0
Gefitinib,,,,hydrocortisone,,,,,0
Gefitinib,,,,candesartan_cilexetil,,,,,0
Gefitinib,,,,neohesperidin_DC,,,,,0
Gefitinib,,,,ursodiol,,,,,0
Gefitinib,,,,diclofenac,,,,,0
Gefitinib,,,,eucalyptol,,,,,0
Gefitinib,,,,beta_carotene,,,,,0
Gefitinib,,,,menthol,,,,,0
Gefitinib,,,,alpha-terpineol,,,,,0
Gefitinib,,,,fenchyl_alcohol,,,,,0
Gefitinib,,,,biotin,,,,,0
Gefitinib,,,,xylitol,,,,,0
Gefitinib,,,,trans-cinnamic_acid,,,,,0
Gefitinib,,,,thimerosal,,,,,0
Gefitinib,,,,tyramine,,,,,0
Gefitinib,,,,fumaric_acid,,,,,0
Gefitinib,,,,congo_red,,,,,0
Gefitinib,,,,vanillin,,,,,0
Gefitinib,,,,saccharin,,,,,0
Gefitinib,,,,allantoin,,,,,0
Gefitinib,,,,vitamin_A_palmitate,,,,,0
Gefitinib,,,,acetylcholine_chloride,,,,,0
Gefitinib,,,,dibutyl_phthalate,,,,,0
Gefitinib,,,,trometamol,,,,,0
Gefitinib,,,,benzoyl_peroxide,,,,,0
Gefitinib,,,,triethyl_citrate,,,,,0
Gefitinib,,,,triacetin,,,,,0
Gefitinib,,,,glycerol,,,,,0
Gefitinib,,,,propylene_glycol,,,,,0
Gefitinib,,,,mebendazole,,,,,0
Gefitinib,,,,L-proline,,,,,0
Gefitinib,,,,L-lysine,,,,,0
Gefitinib,,,,L-ascorbic_acid,,,,,0
Gefitinib,,,,stearic_acid,,,,,0
Gefitinib,,,,(R)-(+)-Limonene,,,,,0
Gefitinib,,,,meglumine,,,,,0
Gefitinib,,,,hydrochlorothiazide,,,,,0
Gefitinib,,,,ketoprofen,,,,,0
Gefitinib,,,,memantine_hydrochloride,,,,,0
Gefitinib,,,,naproxen_sodium,,,,,0
Gefitinib,,,,mannitol,,,,,0
Gefitinib,,,,D-sorbitol,,,,,0
Gefitinib,,,,tannic_acid,,,,,0
Gefitinib,,,,rhodamine_B,,,,,0
Gefitinib,,,,moxifloxacin,,,,,0
Gefitinib,,,,ciprofloxacin,,,,,0
Gefitinib,,,,certirizine,,,,,0
Gefitinib,,,,budesonide,,,,,0
Gefitinib,,,,etidronic_acid,,,,,0
Gefitinib,,,,emtricitabine,,,,,0
Gefitinib,,,,metoprolol(+)-tartrate,,,,,0
Gefitinib,,,,phenytoin,,,,,0
Gefitinib,,,,propranolol_hydrochloride,,,,,0
Gefitinib,,,,captan,,,,,0
Gefitinib,,,,neotame,,,,,0
Gefitinib,,,,alendronate_sodium,,,,,0
Gefitinib,,,,piroxicam,,,,,0
Gefitinib,,,,desipramine_hydrochloride,,,,,0
Gefitinib,,,,nadolol,,,,,0
Gefitinib,,,,omeprazole,,,,,0
Gefitinib,,,,labetalol_hydrochloride,,,,,0
Gefitinib,,,,prednisone,,,,,0
Gefitinib,,,,risperidone,,,,,0
Gefitinib,,,,fluconazole,,,,,0
Gefitinib,,,,methotrexate_hydrate,,,,,0
Gefitinib,,,,tenofovir_alafenamide,,,,,0
Gefitinib,,,,carbamazepine,,,,,0
Fulvestrant,17.96,7,5.49,caffeine,19.56,12.51,8.5,7,0
Fulvestrant,17.96,7,5.49,succinic_acid,17.31,10.61,21.83,16.8,0
Fulvestrant,17.96,7,5.49,octyl_gallate,18.28,6.7,5.16,0.8,1
Fulvestrant,17.96,7,5.49,DL-malic_acid,17.74,12.57,26.01,21.3,0
Fulvestrant,17.96,7,5.49,adipic_acid,16.98,8.47,17.7,12.5,0
Fulvestrant,17.96,7,5.49,Triazabicyclodecene,18.2,11.97,6.46,5.1,0
Fulvestrant,17.96,7,5.49,DBU,17.68,6.35,4.12,1.6,0
Fulvestrant,17.96,7,5.49,L-asparagine,17.97,15.84,21.72,18.5,0
Fulvestrant,17.96,7,5.49,theobromine,20.27,19.97,12.26,15.3,0
Fulvestrant,17.96,7,5.49,"3,3'-thiodipropionic_acid",17.99,9.33,17.18,11.9,1
Fulvestrant,17.96,7,5.49,theophylline,19.72,15.42,10.5,10.4,0
Fulvestrant,17.96,7,5.49,borneol,16.9,3.65,7.31,4.4,0
Fulvestrant,17.96,7,5.49,cinnamaldehyde,18.72,6.69,5.42,1.6,0
Fulvestrant,17.96,7,5.49,aspartame,18.51,10.27,12.2,7.5,0
Fulvestrant,17.96,7,5.49,squalene,16.95,0.86,3.12,6.9,0
Fulvestrant,17.96,7,5.49,benzaldehyde,18.88,7.99,6.22,2.2,0
Fulvestrant,17.96,7,5.49,sodium_deoxycholate,,,,,1
Fulvestrant,17.96,7,5.49,cholic_acid,17.59,5.89,9.8,4.5,1
Fulvestrant,17.96,7,5.49,glycocholic_acid,18.16,9.57,9.65,4.9,1
Fulvestrant,17.96,7,5.49,sucrose_octaacetate,17.14,4.13,8.9,4.7,0
Fulvestrant,17.96,7,5.49,trans_anethole,18.44,4.47,5.05,2.7,1
Fulvestrant,17.96,7,5.49,indomethacin,20.69,6.49,6.83,5.6,0
Fulvestrant,17.96,7,5.49,terpinyl_butyrate,16.54,2.18,3.61,5.9,0
Fulvestrant,17.96,7,5.49,hydrocortisone,19.17,10.13,9.2,5.4,0
Fulvestrant,17.96,7,5.49,candesartan_cilexetil,20.92,7.6,2.74,6.6,1
Fulvestrant,17.96,7,5.49,neohesperidin_DC,19.52,8.77,8.38,4.6,0
Fulvestrant,17.96,7,5.49,ursodiol,17.67,4.96,8.41,3.6,0
Fulvestrant,17.96,7,5.49,diclofenac,20.62,6.6,9.97,7,0
Fulvestrant,17.96,7,5.49,eucalyptol,16.65,2.78,2.46,5.8,0
Fulvestrant,17.96,7,5.49,beta_carotene,17.74,0.83,1.9,7.2,1
Fulvestrant,17.96,7,5.49,menthol,16.45,3.51,6.91,4.8,0
Fulvestrant,17.96,7,5.49,alpha-terpineol,17.03,3.58,7.66,4.5,0
Fulvestrant,17.96,7,5.49,fenchyl_alcohol,16.9,3.65,7.31,4.4,0
Fulvestrant,17.96,7,5.49,biotin,18.61,12.54,11.01,7.9,0
Fulvestrant,17.96,7,5.49,xylitol,17.65,11.5,28.94,23.9,0
Fulvestrant,17.96,7,5.49,trans-cinnamic_acid,18.96,5.39,11.32,6.4,0
Fulvestrant,17.96,7,5.49,thimerosal,,,,,0
Fulvestrant,17.96,7,5.49,tyramine,19.15,6.66,12.88,7.8,0
Fulvestrant,17.96,7,5.49,fumaric_acid,18.16,10.78,23.02,17.9,0
Fulvestrant,17.96,7,5.49,congo_red,,,,,1
Fulvestrant,17.96,7,5.49,vanillin,19.55,10.69,12.52,8.6,0
Fulvestrant,17.96,7,5.49,saccharin,21.51,20.55,10.01,16,0
Fulvestrant,17.96,7,5.49,allantoin,20.22,27.11,20.72,25.6,0
Fulvestrant,17.96,7,5.49,vitamin_A_palmitate,16.79,0.96,1.98,7.4,1
Fulvestrant,17.96,7,5.49,acetylcholine_chloride,,,,,0
Fulvestrant,17.96,7,5.49,dibutyl_phthalate,17.57,6.7,3.28,2.4,0
Fulvestrant,17.96,7,5.49,trometamol,18.86,11.79,26.42,21.5,0
Fulvestrant,17.96,7,5.49,benzoyl_peroxide,18.94,7.83,4.33,2.4,0
Fulvestrant,17.96,7,5.49,triethyl_citrate,16.76,5.98,10.08,5.3,0
Fulvestrant,17.96,7,5.49,triacetin,16.84,5.82,8.67,4.1,0
Fulvestrant,17.96,7,5.49,glycerol,18.33,12.69,27.83,23.1,0
Fulvestrant,17.96,7,5.49,propylene_glycol,17.27,10.18,22.11,17,0
Fulvestrant,17.96,7,5.49,mebendazole,20.79,11.36,4.74,7.2,0
Fulvestrant,17.96,7,5.49,L-proline,17.81,8.71,14.5,9.2,0
Fulvestrant,17.96,7,5.49,L-lysine,16.77,7.19,14.28,9.1,0
Fulvestrant,17.96,7,5.49,L-ascorbic_acid,20.31,14.23,25.82,22.1,0
Fulvestrant,17.96,7,5.49,stearic_acid,16.19,2.76,5.24,5.5,0
Fulvestrant,17.96,7,5.49,(R)-(+)-Limonene,16.67,1.92,3.19,6.1,0
Fulvestrant,17.96,7,5.49,meglumine,17.35,10.29,24.42,19.3,0
Fulvestrant,17.96,7,5.49,hydrochlorothiazide,21.49,26.03,14.41,22.2,0
Fulvestrant,17.96,7,5.49,ketoprofen,19.46,6.08,7.35,3.6,0
Fulvestrant,17.96,7,5.49,memantine_hydrochloride,,,,,0
Fulvestrant,17.96,7,5.49,naproxen_sodium,,,,,0
Fulvestrant,17.96,7,5.49,mannitol,17.34,11.22,29.88,24.8,0
Fulvestrant,17.96,7,5.49,D-sorbitol,17.34,11.22,29.88,24.8,0
Fulvestrant,17.96,7,5.49,tannic_acid,,,,,1
Fulvestrant,17.96,7,5.49,rhodamine_B,,,,,0
Fulvestrant,17.96,7,5.49,moxifloxacin,20.99,14.79,10.92,11.3,0
Fulvestrant,17.96,7,5.49,ciprofloxacin,20.71,16.41,12.59,13,0
Fulvestrant,17.96,7,5.49,certirizine,19.36,4.83,8.02,4.4,0
Fulvestrant,17.96,7,5.49,budesonide,18.56,8.1,5.91,1.7,0
Fulvestrant,17.96,7,5.49,etidronic_acid,,,,,0
Fulvestrant,17.96,7,5.49,emtricitabine,18.4,11.05,11.14,7,0
Fulvestrant,17.96,7,5.49,metoprolol(+)-tartrate,,,,,0
Fulvestrant,17.96,7,5.49,phenytoin,19.82,5.76,7.36,4.3,0
Fulvestrant,17.96,7,5.49,propranolol_hydrochloride,,,,,0
Fulvestrant,17.96,7,5.49,captan,20.2,6.01,3.8,4.9,0
Fulvestrant,17.96,7,5.49,neotame,17.51,7.55,8.49,3.2,0
Fulvestrant,17.96,7,5.49,alendronate_sodium,,,,,0
Fulvestrant,17.96,7,5.49,piroxicam,21.13,17.86,12.48,14.4,0
Fulvestrant,17.96,7,5.49,desipramine_hydrochloride,,,,,0
Fulvestrant,17.96,7,5.49,nadolol,18.03,6.73,0.1,5.4,0
Fulvestrant,17.96,7,5.49,omeprazole,20.33,12.11,6.97,7.1,0
Fulvestrant,17.96,7,5.49,labetalol_hydrochloride,,,,,0
Fulvestrant,17.96,7,5.49,prednisone,19.72,11.17,7.48,5.8,0
Fulvestrant,17.96,7,5.49,risperidone,18.33,6.57,5.34,0.9,0
Fulvestrant,17.96,7,5.49,fluconazole,19.74,11.6,8.68,6.6,0
Fulvestrant,17.96,7,5.49,methotrexate_hydrate,,,,,0
Fulvestrant,17.96,7,5.49,tenofovir_alafenamide,19.77,13.11,7.98,7.5,0
Fulvestrant,17.96,7,5.49,carbamazepine,20.92,8.06,4.47,6.1,0
Rapamycin,21.27,0.7,1.39,caffeine,19.56,12.51,8.5,14.2,0
Rapamycin,21.27,0.7,1.39,succinic_acid,17.31,10.61,21.83,24.1,0
Rapamycin,21.27,0.7,1.39,octyl_gallate,18.28,6.7,5.16,9.3,0
Rapamycin,21.27,0.7,1.39,DL-malic_acid,17.74,12.57,26.01,28.2,0
Rapamycin,21.27,0.7,1.39,adipic_acid,16.98,8.47,17.7,20,0
Rapamycin,21.27,0.7,1.39,Triazabicyclodecene,18.2,11.97,6.46,13.8,0
Rapamycin,21.27,0.7,1.39,DBU,17.68,6.35,4.12,9.5,0
Rapamycin,21.27,0.7,1.39,L-asparagine,17.97,15.84,21.72,26.2,0
Rapamycin,21.27,0.7,1.39,theobromine,20.27,19.97,12.26,22.2,0
Rapamycin,21.27,0.7,1.39,"3,3'-thiodipropionic_acid",17.99,9.33,17.18,19.2,0
Rapamycin,21.27,0.7,1.39,theophylline,19.72,15.42,10.5,17.6,0
Rapamycin,21.27,0.7,1.39,borneol,16.9,3.65,7.31,11,0
Rapamycin,21.27,0.7,1.39,cinnamaldehyde,18.72,6.69,5.42,8.8,0
Rapamycin,21.27,0.7,1.39,aspartame,18.51,10.27,12.2,15.5,0
Rapamycin,21.27,0.7,1.39,squalene,16.95,0.86,3.12,8.8,0
Rapamycin,21.27,0.7,1.39,benzaldehyde,18.88,7.99,6.22,10,0
Rapamycin,21.27,0.7,1.39,sodium_deoxycholate,,,,,0
Rapamycin,21.27,0.7,1.39,cholic_acid,17.59,5.89,9.8,12.3,0
Rapamycin,21.27,0.7,1.39,glycocholic_acid,18.16,9.57,9.65,13.6,0
Rapamycin,21.27,0.7,1.39,sucrose_octaacetate,17.14,4.13,8.9,11.7,0
Rapamycin,21.27,0.7,1.39,trans_anethole,18.44,4.47,5.05,7.7,0
Rapamycin,21.27,0.7,1.39,indomethacin,20.69,6.49,6.83,8,0
Rapamycin,21.27,0.7,1.39,terpinyl_butyrate,16.54,2.18,3.61,9.8,0
Rapamycin,21.27,0.7,1.39,hydrocortisone,19.17,10.13,9.2,12.9,0
Rapamycin,21.27,0.7,1.39,candesartan_cilexetil,20.92,7.6,2.74,7.1,1
Rapamycin,21.27,0.7,1.39,neohesperidin_DC,19.52,8.77,8.38,11.2,0
Rapamycin,21.27,0.7,1.39,ursodiol,17.67,4.96,8.41,10.9,0
Rapamycin,21.27,0.7,1.39,diclofenac,20.62,6.6,9.97,10.5,0
Rapamycin,21.27,0.7,1.39,eucalyptol,16.65,2.78,2.46,9.5,0
Rapamycin,21.27,0.7,1.39,beta_carotene,17.74,0.83,1.9,7.1,0
Rapamycin,21.27,0.7,1.39,menthol,16.45,3.51,6.91,11.5,0
Rapamycin,21.27,0.7,1.39,alpha-terpineol,17.03,3.58,7.66,10.9,0
Rapamycin,21.27,0.7,1.39,fenchyl_alcohol,16.9,3.65,7.31,11,0
Rapamycin,21.27,0.7,1.39,biotin,18.61,12.54,11.01,16.2,0
Rapamycin,21.27,0.7,1.39,xylitol,17.65,11.5,28.94,30.5,0
Rapamycin,21.27,0.7,1.39,trans-cinnamic_acid,18.96,5.39,11.32,11.9,0
Rapamycin,21.27,0.7,1.39,thimerosal,,,,,0
Rapamycin,21.27,0.7,1.39,tyramine,19.15,6.66,12.88,13.6,0
Rapamycin,21.27,0.7,1.39,fumaric_acid,18.16,10.78,23.02,24.7,0
Rapamycin,21.27,0.7,1.39,congo_red,,,,,1
Rapamycin,21.27,0.7,1.39,vanillin,19.55,10.69,12.52,15.3,0
Rapamycin,21.27,0.7,1.39,saccharin,21.51,20.55,10.01,21.6,0
Rapamycin,21.27,0.7,1.39,allantoin,20.22,27.11,20.72,32.8,0
Rapamycin,21.27,0.7,1.39,vitamin_A_palmitate,16.79,0.96,1.98,9,1
Rapamycin,21.27,0.7,1.39,acetylcholine_chloride,,,,,0
Rapamycin,21.27,0.7,1.39,dibutyl_phthalate,17.57,6.7,3.28,9.7,0
Rapamycin,21.27,0.7,1.39,trometamol,18.86,11.79,26.42,27.8,0
Rapamycin,21.27,0.7,1.39,benzoyl_peroxide,18.94,7.83,4.33,9,0
Rapamycin,21.27,0.7,1.39,triethyl_citrate,16.76,5.98,10.08,13.6,0
Rapamycin,21.27,0.7,1.39,triacetin,16.84,5.82,8.67,12.6,0
Rapamycin,21.27,0.7,1.39,glycerol,18.33,12.69,27.83,29.6,0
Rapamycin,21.27,0.7,1.39,propylene_glycol,17.27,10.18,22.11,24.1,0
Rapamycin,21.27,0.7,1.39,mebendazole,20.79,11.36,4.74,11.2,0
Rapamycin,21.27,0.7,1.39,L-proline,17.81,8.71,14.5,16.8,0
Rapamycin,21.27,0.7,1.39,L-lysine,16.77,7.19,14.28,17,0
Rapamycin,21.27,0.7,1.39,L-ascorbic_acid,20.31,14.23,25.82,28,0
Rapamycin,21.27,0.7,1.39,stearic_acid,16.19,2.76,5.24,11.1,0
Rapamycin,21.27,0.7,1.39,(R)-(+)-Limonene,16.67,1.92,3.19,9.5,0
Rapamycin,21.27,0.7,1.39,meglumine,17.35,10.29,24.42,26.1,0
Rapamycin,21.27,0.7,1.39,hydrochlorothiazide,21.49,26.03,14.41,28.5,0
Rapamycin,21.27,0.7,1.39,ketoprofen,19.46,6.08,7.35,8.8,0
Rapamycin,21.27,0.7,1.39,memantine_hydrochloride,,,,,0
Rapamycin,21.27,0.7,1.39,naproxen_sodium,,,,,0
Rapamycin,21.27,0.7,1.39,mannitol,17.34,11.22,29.88,31.4,0
Rapamycin,21.27,0.7,1.39,D-sorbitol,17.34,11.22,29.88,31.4,0
Rapamycin,21.27,0.7,1.39,tannic_acid,,,,,0
Rapamycin,21.27,0.7,1.39,rhodamine_B,,,,,0
Rapamycin,21.27,0.7,1.39,moxifloxacin,20.99,14.79,10.92,17,0
Rapamycin,21.27,0.7,1.39,ciprofloxacin,20.71,16.41,12.59,19.3,0
Rapamycin,21.27,0.7,1.39,certirizine,19.36,4.83,8.02,8.7,0
Rapamycin,21.27,0.7,1.39,budesonide,18.56,8.1,5.91,10.2,0
Rapamycin,21.27,0.7,1.39,etidronic_acid,,,,,0
Rapamycin,21.27,0.7,1.39,emtricitabine,18.4,11.05,11.14,15.3,0
Rapamycin,21.27,0.7,1.39,metoprolol(+)-tartrate,,,,,0
Rapamycin,21.27,0.7,1.39,phenytoin,19.82,5.76,7.36,8.3,0
Rapamycin,21.27,0.7,1.39,propranolol_hydrochloride,,,,,0
Rapamycin,21.27,0.7,1.39,captan,20.2,6.01,3.8,6.2,0
Rapamycin,21.27,0.7,1.39,neotame,17.51,7.55,8.49,12.4,0
Rapamycin,21.27,0.7,1.39,alendronate_sodium,,,,,0
Rapamycin,21.27,0.7,1.39,piroxicam,21.13,17.86,12.48,20.4,0
Rapamycin,21.27,0.7,1.39,desipramine_hydrochloride,,,,,0
Rapamycin,21.27,0.7,1.39,nadolol,18.03,6.73,0.1,8.9,0
Rapamycin,21.27,0.7,1.39,omeprazole,20.33,12.11,6.97,12.8,0
Rapamycin,21.27,0.7,1.39,labetalol_hydrochloride,,,,,0
Rapamycin,21.27,0.7,1.39,prednisone,19.72,11.17,7.48,12.5,0
Rapamycin,21.27,0.7,1.39,risperidone,18.33,6.57,5.34,9.2,0
Rapamycin,21.27,0.7,1.39,fluconazole,19.74,11.6,8.68,13.5,0
Rapamycin,21.27,0.7,1.39,methotrexate_hydrate,,,,,0
Rapamycin,21.27,0.7,1.39,tenofovir_alafenamide,19.77,13.11,7.98,14.4,0
Rapamycin,21.27,0.7,1.39,carbamazepine,20.92,8.06,4.47,8,0
Rilpivirine,21.15,9.27,6.6,caffeine,19.56,12.51,8.5,4.9,0
Rilpivirine,21.15,9.27,6.6,succinic_acid,17.31,10.61,21.83,17.1,0
Rilpivirine,21.15,9.27,6.6,octyl_gallate,18.28,6.7,5.16,6.5,0
Rilpivirine,21.15,9.27,6.6,DL-malic_acid,17.74,12.57,26.01,20.8,0
Rilpivirine,21.15,9.27,6.6,adipic_acid,16.98,8.47,17.7,13.9,0
Rilpivirine,21.15,9.27,6.6,Triazabicyclodecene,18.2,11.97,6.46,6.5,0
Rilpivirine,21.15,9.27,6.6,DBU,17.68,6.35,4.12,7.9,0
Rilpivirine,21.15,9.27,6.6,L-asparagine,17.97,15.84,21.72,17.7,0
Rilpivirine,21.15,9.27,6.6,theobromine,20.27,19.97,12.26,12.2,0
Rilpivirine,21.15,9.27,6.6,"3,3'-thiodipropionic_acid",17.99,9.33,17.18,12.3,0
Rilpivirine,21.15,9.27,6.6,theophylline,19.72,15.42,10.5,7.8,0
Rilpivirine,21.15,9.27,6.6,borneol,16.9,3.65,7.31,10.2,0
Rilpivirine,21.15,9.27,6.6,cinnamaldehyde,18.72,6.69,5.42,5.6,0
Rilpivirine,21.15,9.27,6.6,aspartame,18.51,10.27,12.2,7.8,0
Rilpivirine,21.15,9.27,6.6,squalene,16.95,0.86,3.12,12.4,0
Rilpivirine,21.15,9.27,6.6,benzaldehyde,18.88,7.99,6.22,4.7,0
Rilpivirine,21.15,9.27,6.6,sodium_deoxycholate,,,,,1
Rilpivirine,21.15,9.27,6.6,cholic_acid,17.59,5.89,9.8,8.5,0
Rilpivirine,21.15,9.27,6.6,glycocholic_acid,18.16,9.57,9.65,6.7,0
Rilpivirine,21.15,9.27,6.6,sucrose_octaacetate,17.14,4.13,8.9,9.8,0
Rilpivirine,21.15,9.27,6.6,trans_anethole,18.44,4.47,5.05,7.4,0
Rilpivirine,21.15,9.27,6.6,indomethacin,20.69,6.49,6.83,2.9,0
Rilpivirine,21.15,9.27,6.6,terpinyl_butyrate,16.54,2.18,3.61,12,0
Rilpivirine,21.15,9.27,6.6,hydrocortisone,19.17,10.13,9.2,4.8,0
Rilpivirine,21.15,9.27,6.6,candesartan_cilexetil,20.92,7.6,2.74,4.2,1
Rilpivirine,21.15,9.27,6.6,neohesperidin_DC,19.52,8.77,8.38,3.7,0
Rilpivirine,21.15,9.27,6.6,ursodiol,17.67,4.96,8.41,8.4,0
Rilpivirine,21.15,9.27,6.6,diclofenac,20.62,6.6,9.97,4.4,0
Rilpivirine,21.15,9.27,6.6,eucalyptol,16.65,2.78,2.46,11.8,0
Rilpivirine,21.15,9.27,6.6,beta_carotene,17.74,0.83,1.9,11.8,0
Rilpivirine,21.15,9.27,6.6,menthol,16.45,3.51,6.91,11,0
Rilpivirine,21.15,9.27,6.6,alpha-terpineol,17.03,3.58,7.66,10.1,0
Rilpivirine,21.15,9.27,6.6,fenchyl_alcohol,16.9,3.65,7.31,10.2,0
Rilpivirine,21.15,9.27,6.6,biotin,18.61,12.54,11.01,7.5,0
Rilpivirine,21.15,9.27,6.6,xylitol,17.65,11.5,28.94,23.5,0
Rilpivirine,21.15,9.27,6.6,trans-cinnamic_acid,18.96,5.39,11.32,7.5,0
Rilpivirine,21.15,9.27,6.6,thimerosal,,,,,0
Rilpivirine,21.15,9.27,6.6,tyramine,19.15,6.66,12.88,7.9,0
Rilpivirine,21.15,9.27,6.6,fumaric_acid,18.16,10.78,23.02,17.5,0
Rilpivirine,21.15,9.27,6.6,congo_red,,,,,1
Rilpivirine,21.15,9.27,6.6,vanillin,19.55,10.69,12.52,6.9,0
Rilpivirine,21.15,9.27,6.6,saccharin,21.51,20.55,10.01,11.8,0
Rilpivirine,21.15,9.27,6.6,allantoin,20.22,27.11,20.72,22.8,0
Rilpivirine,21.15,9.27,6.6,vitamin_A_palmitate,16.79,0.96,1.98,12.9,1
Rilpivirine,21.15,9.27,6.6,acetylcholine_chloride,,,,,0
Rilpivirine,21.15,9.27,6.6,dibutyl_phthalate,17.57,6.7,3.28,8.3,0
Rilpivirine,21.15,9.27,6.6,trometamol,18.86,11.79,26.42,20.5,0
Rilpivirine,21.15,9.27,6.6,benzoyl_peroxide,18.94,7.83,4.33,5.2,0
Rilpivirine,21.15,9.27,6.6,triethyl_citrate,16.76,5.98,10.08,10,0
Rilpivirine,21.15,9.27,6.6,triacetin,16.84,5.82,8.67,9.5,0
Rilpivirine,21.15,9.27,6.6,glycerol,18.33,12.69,27.83,22.2,0
Rilpivirine,21.15,9.27,6.6,propylene_glycol,17.27,10.18,22.11,17.4,0
Rilpivirine,21.15,9.27,6.6,mebendazole,20.79,11.36,4.74,2.9,0
Rilpivirine,21.15,9.27,6.6,L-proline,17.81,8.71,14.5,10.4,0
Rilpivirine,21.15,9.27,6.6,L-lysine,16.77,7.19,14.28,11.8,0
Rilpivirine,21.15,9.27,6.6,L-ascorbic_acid,20.31,14.23,25.82,19.9,0
Rilpivirine,21.15,9.27,6.6,stearic_acid,16.19,2.76,5.24,11.9,0
Rilpivirine,21.15,9.27,6.6,(R)-(+)-Limonene,16.67,1.92,3.19,12.1,0
Rilpivirine,21.15,9.27,6.6,meglumine,17.35,10.29,24.42,19.4,0
Rilpivirine,21.15,9.27,6.6,hydrochlorothiazide,21.49,26.03,14.41,18.5,0
Rilpivirine,21.15,9.27,6.6,ketoprofen,19.46,6.08,7.35,4.7,1
Rilpivirine,21.15,9.27,6.6,memantine_hydrochloride,,,,,0
Rilpivirine,21.15,9.27,6.6,naproxen_sodium,,,,,1
Rilpivirine,21.15,9.27,6.6,mannitol,17.34,11.22,29.88,24.6,0
Rilpivirine,21.15,9.27,6.6,D-sorbitol,17.34,11.22,29.88,24.6,0
Rilpivirine,21.15,9.27,6.6,tannic_acid,,,,,0
Rilpivirine,21.15,9.27,6.6,rhodamine_B,,,,,0
Rilpivirine,21.15,9.27,6.6,moxifloxacin,20.99,14.79,10.92,7,0
Rilpivirine,21.15,9.27,6.6,ciprofloxacin,20.71,16.41,12.59,9.4,0
Rilpivirine,21.15,9.27,6.6,certirizine,19.36,4.83,8.02,5.9,0
Rilpivirine,21.15,9.27,6.6,budesonide,18.56,8.1,5.91,5.4,0
Rilpivirine,21.15,9.27,6.6,etidronic_acid,,,,,0
Rilpivirine,21.15,9.27,6.6,emtricitabine,18.4,11.05,11.14,7.4,0
Rilpivirine,21.15,9.27,6.6,metoprolol(+)-tartrate,,,,,0
Rilpivirine,21.15,9.27,6.6,phenytoin,19.82,5.76,7.36,4.5,0
Rilpivirine,21.15,9.27,6.6,propranolol_hydrochloride,,,,,0
Rilpivirine,21.15,9.27,6.6,captan,20.2,6.01,3.8,4.7,0
Rilpivirine,21.15,9.27,6.6,neotame,17.51,7.55,8.49,7.7,0
Rilpivirine,21.15,9.27,6.6,alendronate_sodium,,,,,0
Rilpivirine,21.15,9.27,6.6,piroxicam,21.13,17.86,12.48,10.4,0
Rilpivirine,21.15,9.27,6.6,desipramine_hydrochloride,,,,,0
Rilpivirine,21.15,9.27,6.6,nadolol,18.03,6.73,0.1,9.4,0
Rilpivirine,21.15,9.27,6.6,omeprazole,20.33,12.11,6.97,3.3,0
Rilpivirine,21.15,9.27,6.6,labetalol_hydrochloride,,,,,0
Rilpivirine,21.15,9.27,6.6,prednisone,19.72,11.17,7.48,3.5,0
Rilpivirine,21.15,9.27,6.6,risperidone,18.33,6.57,5.34,6.4,0
Rilpivirine,21.15,9.27,6.6,fluconazole,19.74,11.6,8.68,4.2,0
Rilpivirine,21.15,9.27,6.6,methotrexate_hydrate,,,,,0
Rilpivirine,21.15,9.27,6.6,tenofovir_alafenamide,19.77,13.11,7.98,4.9,0
Rilpivirine,21.15,9.27,6.6,carbamazepine,20.92,8.06,4.47,2.5,0
Econazole,20.47,6.55,3.99,caffeine,19.56,12.51,8.5,7.7,0
Econazole,20.47,6.55,3.99,succinic_acid,17.31,10.61,21.83,19.4,0
Econazole,20.47,6.55,3.99,octyl_gallate,18.28,6.7,5.16,4.5,0
Econazole,20.47,6.55,3.99,DL-malic_acid,17.74,12.57,26.01,23.5,0
Econazole,20.47,6.55,3.99,adipic_acid,16.98,8.47,17.7,15.5,0
Econazole,20.47,6.55,3.99,Triazabicyclodecene,18.2,11.97,6.46,7.5,0
Econazole,20.47,6.55,3.99,DBU,17.68,6.35,4.12,5.6,0
Econazole,20.47,6.55,3.99,L-asparagine,17.97,15.84,21.72,20.6,0
Econazole,20.47,6.55,3.99,theobromine,20.27,19.97,12.26,15.8,0
Econazole,20.47,6.55,3.99,"3,3'-thiodipropionic_acid",17.99,9.33,17.18,14.4,0
Econazole,20.47,6.55,3.99,theophylline,19.72,15.42,10.5,11.1,0
Econazole,20.47,6.55,3.99,borneol,16.9,3.65,7.31,8.4,0
Econazole,20.47,6.55,3.99,cinnamaldehyde,18.72,6.69,5.42,3.8,0
Econazole,20.47,6.55,3.99,aspartame,18.51,10.27,12.2,9.8,0
Econazole,20.47,6.55,3.99,squalene,16.95,0.86,3.12,9.1,0
Econazole,20.47,6.55,3.99,benzaldehyde,18.88,7.99,6.22,4.1,0
Econazole,20.47,6.55,3.99,sodium_deoxycholate,,,,,0
Econazole,20.47,6.55,3.99,cholic_acid,17.59,5.89,9.8,8.2,0
Econazole,20.47,6.55,3.99,glycocholic_acid,18.16,9.57,9.65,7.9,0
Econazole,20.47,6.55,3.99,sucrose_octaacetate,17.14,4.13,8.9,8.6,0
Econazole,20.47,6.55,3.99,trans_anethole,18.44,4.47,5.05,4.7,0
Econazole,20.47,6.55,3.99,indomethacin,20.69,6.49,6.83,2.9,0
Econazole,20.47,6.55,3.99,terpinyl_butyrate,16.54,2.18,3.61,9,0
Econazole,20.47,6.55,3.99,hydrocortisone,19.17,10.13,9.2,6.8,0
Econazole,20.47,6.55,3.99,candesartan_cilexetil,20.92,7.6,2.74,1.9,0
Econazole,20.47,6.55,3.99,neohesperidin_DC,19.52,8.77,8.38,5.3,0
Econazole,20.47,6.55,3.99,ursodiol,17.67,4.96,8.41,7.3,0
Econazole,20.47,6.55,3.99,diclofenac,20.62,6.6,9.97,6,0
Econazole,20.47,6.55,3.99,eucalyptol,16.65,2.78,2.46,8.7,0
Econazole,20.47,6.55,3.99,beta_carotene,17.74,0.83,1.9,8.2,0
Econazole,20.47,6.55,3.99,menthol,16.45,3.51,6.91,9.1,1
Econazole,20.47,6.55,3.99,alpha-terpineol,17.03,3.58,7.66,8.3,0
Econazole,20.47,6.55,3.99,fenchyl_alcohol,16.9,3.65,7.31,8.4,0
Econazole,20.47,6.55,3.99,biotin,18.61,12.54,11.01,9.9,0
Econazole,20.47,6.55,3.99,xylitol,17.65,11.5,28.94,26.1,0
Econazole,20.47,6.55,3.99,trans-cinnamic_acid,18.96,5.39,11.32,8,0
Econazole,20.47,6.55,3.99,thimerosal,,,,,0
Econazole,20.47,6.55,3.99,tyramine,19.15,6.66,12.88,9.3,0
Econazole,20.47,6.55,3.99,fumaric_acid,18.16,10.78,23.02,20,0
Econazole,20.47,6.55,3.99,congo_red,,,,,1
Econazole,20.47,6.55,3.99,vanillin,19.55,10.69,12.52,9.7,0
Econazole,20.47,6.55,3.99,saccharin,21.51,20.55,10.01,15.4,0
Econazole,20.47,6.55,3.99,allantoin,20.22,27.11,20.72,26.5,0
Econazole,20.47,6.55,3.99,vitamin_A_palmitate,16.79,0.96,1.98,9.5,0
Econazole,20.47,6.55,3.99,acetylcholine_chloride,,,,,0
Econazole,20.47,6.55,3.99,dibutyl_phthalate,17.57,6.7,3.28,5.8,0
Econazole,20.47,6.55,3.99,trometamol,18.86,11.79,26.42,23.3,0
Econazole,20.47,6.55,3.99,benzoyl_peroxide,18.94,7.83,4.33,3.3,0
Econazole,20.47,6.55,3.99,triethyl_citrate,16.76,5.98,10.08,9.6,0
Econazole,20.47,6.55,3.99,triacetin,16.84,5.82,8.67,8.7,0
Econazole,20.47,6.55,3.99,glycerol,18.33,12.69,27.83,25,0
Econazole,20.47,6.55,3.99,propylene_glycol,17.27,10.18,22.11,19.6,0
Econazole,20.47,6.55,3.99,mebendazole,20.79,11.36,4.74,4.9,1
Econazole,20.47,6.55,3.99,L-proline,17.81,8.71,14.5,12,0
Econazole,20.47,6.55,3.99,L-lysine,16.77,7.19,14.28,12.7,0
Econazole,20.47,6.55,3.99,L-ascorbic_acid,20.31,14.23,25.82,23.1,0
Econazole,20.47,6.55,3.99,stearic_acid,16.19,2.76,5.24,9.4,0
Econazole,20.47,6.55,3.99,(R)-(+)-Limonene,16.67,1.92,3.19,8.9,0
Econazole,20.47,6.55,3.99,meglumine,17.35,10.29,24.42,21.7,0
Econazole,20.47,6.55,3.99,hydrochlorothiazide,21.49,26.03,14.41,22.2,0
Econazole,20.47,6.55,3.99,ketoprofen,19.46,6.08,7.35,3.9,0
Econazole,20.47,6.55,3.99,memantine_hydrochloride,,,,,0
Econazole,20.47,6.55,3.99,naproxen_sodium,,,,,0
Econazole,20.47,6.55,3.99,mannitol,17.34,11.22,29.88,27,0
Econazole,20.47,6.55,3.99,D-sorbitol,17.34,11.22,29.88,27,0
Econazole,20.47,6.55,3.99,tannic_acid,,,,,0
Econazole,20.47,6.55,3.99,rhodamine_B,,,,,0
Econazole,20.47,6.55,3.99,moxifloxacin,20.99,14.79,10.92,10.8,0
Econazole,20.47,6.55,3.99,ciprofloxacin,20.71,16.41,12.59,13.1,0
Econazole,20.47,6.55,3.99,certirizine,19.36,4.83,8.02,4.9,0
Econazole,20.47,6.55,3.99,budesonide,18.56,8.1,5.91,4.5,1
Econazole,20.47,6.55,3.99,etidronic_acid,,,,,0
Econazole,20.47,6.55,3.99,emtricitabine,18.4,11.05,11.14,9.4,0
Econazole,20.47,6.55,3.99,metoprolol(+)-tartrate,,,,,1
Econazole,20.47,6.55,3.99,phenytoin,19.82,5.76,7.36,3.7,0
Econazole,20.47,6.55,3.99,propranolol_hydrochloride,,,,,0
Econazole,20.47,6.55,3.99,captan,20.2,6.01,3.8,0.8,0
Econazole,20.47,6.55,3.99,neotame,17.51,7.55,8.49,7.5,1
Econazole,20.47,6.55,3.99,alendronate_sodium,,,,,0
Econazole,20.47,6.55,3.99,piroxicam,21.13,17.86,12.48,14.2,0
Econazole,20.47,6.55,3.99,desipramine_hydrochloride,,,,,0
Econazole,20.47,6.55,3.99,nadolol,18.03,6.73,0.1,6.2,0
Econazole,20.47,6.55,3.99,omeprazole,20.33,12.11,6.97,6.3,1
Econazole,20.47,6.55,3.99,labetalol_hydrochloride,,,,,0
Econazole,20.47,6.55,3.99,prednisone,19.72,11.17,7.48,6,0
Econazole,20.47,6.55,3.99,risperidone,18.33,6.57,5.34,4.5,0
Econazole,20.47,6.55,3.99,fluconazole,19.74,11.6,8.68,7,0
Econazole,20.47,6.55,3.99,methotrexate_hydrate,,,,,1
Econazole,20.47,6.55,3.99,tenofovir_alafenamide,19.77,13.11,7.98,7.8,1
Econazole,20.47,6.55,3.99,carbamazepine,20.92,8.06,4.47,1.8,0
Chlorpromazine_Hcl,19.9,7.12,5.86,caffeine,19.56,12.51,8.5,6,0
Chlorpromazine_Hcl,19.9,7.12,5.86,succinic_acid,17.31,10.61,21.83,17.1,0
Chlorpromazine_Hcl,19.9,7.12,5.86,octyl_gallate,18.28,6.7,5.16,3.3,0
Chlorpromazine_Hcl,19.9,7.12,5.86,DL-malic_acid,17.74,12.57,26.01,21.3,0
Chlorpromazine_Hcl,19.9,7.12,5.86,adipic_acid,16.98,8.47,17.7,13.3,0
Chlorpromazine_Hcl,19.9,7.12,5.86,Triazabicyclodecene,18.2,11.97,6.46,6,0
Chlorpromazine_Hcl,19.9,7.12,5.86,DBU,17.68,6.35,4.12,4.8,0
Chlorpromazine_Hcl,19.9,7.12,5.86,L-asparagine,17.97,15.84,21.72,18.5,0
Chlorpromazine_Hcl,19.9,7.12,5.86,theobromine,20.27,19.97,12.26,14.4,0
Chlorpromazine_Hcl,19.9,7.12,5.86,"3,3'-thiodipropionic_acid",17.99,9.33,17.18,12.1,0
Chlorpromazine_Hcl,19.9,7.12,5.86,theophylline,19.72,15.42,10.5,9.5,0
Chlorpromazine_Hcl,19.9,7.12,5.86,borneol,16.9,3.65,7.31,7.1,0
Chlorpromazine_Hcl,19.9,7.12,5.86,cinnamaldehyde,18.72,6.69,5.42,2.4,0
Chlorpromazine_Hcl,19.9,7.12,5.86,aspartame,18.51,10.27,12.2,7.6,0
Chlorpromazine_Hcl,19.9,7.12,5.86,squalene,16.95,0.86,3.12,9,0
Chlorpromazine_Hcl,19.9,7.12,5.86,benzaldehyde,18.88,7.99,6.22,2.2,0
Chlorpromazine_Hcl,19.9,7.12,5.86,sodium_deoxycholate,,,,,0
Chlorpromazine_Hcl,19.9,7.12,5.86,cholic_acid,17.59,5.89,9.8,6.2,0
Chlorpromazine_Hcl,19.9,7.12,5.86,glycocholic_acid,18.16,9.57,9.65,5.7,1
Chlorpromazine_Hcl,19.9,7.12,5.86,sucrose_octaacetate,17.14,4.13,8.9,7,0
Chlorpromazine_Hcl,19.9,7.12,5.86,trans_anethole,18.44,4.47,5.05,4,0
Chlorpromazine_Hcl,19.9,7.12,5.86,indomethacin,20.69,6.49,6.83,2,0
Chlorpromazine_Hcl,19.9,7.12,5.86,terpinyl_butyrate,16.54,2.18,3.61,8.6,1
Chlorpromazine_Hcl,19.9,7.12,5.86,hydrocortisone,19.17,10.13,9.2,4.7,0
Chlorpromazine_Hcl,19.9,7.12,5.86,candesartan_cilexetil,20.92,7.6,2.74,3.8,1
Chlorpromazine_Hcl,19.9,7.12,5.86,neohesperidin_DC,19.52,8.77,8.38,3.1,0
Chlorpromazine_Hcl,19.9,7.12,5.86,ursodiol,17.67,4.96,8.41,5.6,0
Chlorpromazine_Hcl,19.9,7.12,5.86,diclofenac,20.62,6.6,9.97,4.4,0
Chlorpromazine_Hcl,19.9,7.12,5.86,eucalyptol,16.65,2.78,2.46,8.5,0
Chlorpromazine_Hcl,19.9,7.12,5.86,beta_carotene,17.74,0.83,1.9,8.6,0
Chlorpromazine_Hcl,19.9,7.12,5.86,menthol,16.45,3.51,6.91,7.9,0
Chlorpromazine_Hcl,19.9,7.12,5.86,alpha-terpineol,17.03,3.58,7.66,7,0
Chlorpromazine_Hcl,19.9,7.12,5.86,fenchyl_alcohol,16.9,3.65,7.31,7.1,0
Chlorpromazine_Hcl,19.9,7.12,5.86,biotin,18.61,12.54,11.01,7.9,0
Chlorpromazine_Hcl,19.9,7.12,5.86,xylitol,17.65,11.5,28.94,23.9,0
Chlorpromazine_Hcl,19.9,7.12,5.86,trans-cinnamic_acid,18.96,5.39,11.32,6,0
Chlorpromazine_Hcl,19.9,7.12,5.86,thimerosal,,,,,0
Chlorpromazine_Hcl,19.9,7.12,5.86,tyramine,19.15,6.66,12.88,7.2,0
Chlorpromazine_Hcl,19.9,7.12,5.86,fumaric_acid,18.16,10.78,23.02,17.9,0
Chlorpromazine_Hcl,19.9,7.12,5.86,congo_red,,,,,1
Chlorpromazine_Hcl,19.9,7.12,5.86,vanillin,19.55,10.69,12.52,7.6,0
Chlorpromazine_Hcl,19.9,7.12,5.86,saccharin,21.51,20.55,10.01,14.4,0
Chlorpromazine_Hcl,19.9,7.12,5.86,allantoin,20.22,27.11,20.72,24.9,0
Chlorpromazine_Hcl,19.9,7.12,5.86,vitamin_A_palmitate,16.79,0.96,1.98,9.6,0
Chlorpromazine_Hcl,19.9,7.12,5.86,acetylcholine_chloride,,,,,0
Chlorpromazine_Hcl,19.9,7.12,5.86,dibutyl_phthalate,17.57,6.7,3.28,5.3,0
Chlorpromazine_Hcl,19.9,7.12,5.86,trometamol,18.86,11.79,26.42,21.2,0
Chlorpromazine_Hcl,19.9,7.12,5.86,benzoyl_peroxide,18.94,7.83,4.33,2.6,0
Chlorpromazine_Hcl,19.9,7.12,5.86,triethyl_citrate,16.76,5.98,10.08,7.7,0
Chlorpromazine_Hcl,19.9,7.12,5.86,triacetin,16.84,5.82,8.67,6.9,0
Chlorpromazine_Hcl,19.9,7.12,5.86,glycerol,18.33,12.69,27.83,22.9,0
Chlorpromazine_Hcl,19.9,7.12,5.86,propylene_glycol,17.27,10.18,22.11,17.4,0
Chlorpromazine_Hcl,19.9,7.12,5.86,mebendazole,20.79,11.36,4.74,4.7,0
Chlorpromazine_Hcl,19.9,7.12,5.86,L-proline,17.81,8.71,14.5,9.7,0
Chlorpromazine_Hcl,19.9,7.12,5.86,L-lysine,16.77,7.19,14.28,10.5,0
Chlorpromazine_Hcl,19.9,7.12,5.86,L-ascorbic_acid,20.31,14.23,25.82,21.2,0
Chlorpromazine_Hcl,19.9,7.12,5.86,stearic_acid,16.19,2.76,5.24,8.6,0
Chlorpromazine_Hcl,19.9,7.12,5.86,(R)-(+)-Limonene,16.67,1.92,3.19,8.7,0
Chlorpromazine_Hcl,19.9,7.12,5.86,meglumine,17.35,10.29,24.42,19.5,0
Chlorpromazine_Hcl,19.9,7.12,5.86,hydrochlorothiazide,21.49,26.03,14.41,21,0
Chlorpromazine_Hcl,19.9,7.12,5.86,ketoprofen,19.46,6.08,7.35,2,0
Chlorpromazine_Hcl,19.9,7.12,5.86,memantine_hydrochloride,,,,,0
Chlorpromazine_Hcl,19.9,7.12,5.86,naproxen_sodium,,,,,0
Chlorpromazine_Hcl,19.9,7.12,5.86,mannitol,17.34,11.22,29.88,24.9,0
Chlorpromazine_Hcl,19.9,7.12,5.86,D-sorbitol,17.34,11.22,29.88,24.9,0
Chlorpromazine_Hcl,19.9,7.12,5.86,tannic_acid,,,,,1
Chlorpromazine_Hcl,19.9,7.12,5.86,rhodamine_B,,,,,0
Chlorpromazine_Hcl,19.9,7.12,5.86,moxifloxacin,20.99,14.79,10.92,9.4,0
Chlorpromazine_Hcl,19.9,7.12,5.86,ciprofloxacin,20.71,16.41,12.59,11.6,0
Chlorpromazine_Hcl,19.9,7.12,5.86,certirizine,19.36,4.83,8.02,3.3,0
Chlorpromazine_Hcl,19.9,7.12,5.86,budesonide,18.56,8.1,5.91,2.9,0
Chlorpromazine_Hcl,19.9,7.12,5.86,etidronic_acid,,,,,0
Chlorpromazine_Hcl,19.9,7.12,5.86,emtricitabine,18.4,11.05,11.14,7.2,0
Chlorpromazine_Hcl,19.9,7.12,5.86,metoprolol(+)-tartrate,,,,,0
Chlorpromazine_Hcl,19.9,7.12,5.86,phenytoin,19.82,5.76,7.36,2,0
Chlorpromazine_Hcl,19.9,7.12,5.86,propranolol_hydrochloride,,,,,0
Chlorpromazine_Hcl,19.9,7.12,5.86,captan,20.2,6.01,3.8,2.4,0
Chlorpromazine_Hcl,19.9,7.12,5.86,neotame,17.51,7.55,8.49,5.5,0
Chlorpromazine_Hcl,19.9,7.12,5.86,alendronate_sodium,,,,,0
Chlorpromazine_Hcl,19.9,7.12,5.86,piroxicam,21.13,17.86,12.48,12.9,0
Chlorpromazine_Hcl,19.9,7.12,5.86,desipramine_hydrochloride,,,,,0
Chlorpromazine_Hcl,19.9,7.12,5.86,nadolol,18.03,6.73,0.1,6.9,0
Chlorpromazine_Hcl,19.9,7.12,5.86,omeprazole,20.33,12.11,6.97,5.2,0
Chlorpromazine_Hcl,19.9,7.12,5.86,labetalol_hydrochloride,,,,,0
Chlorpromazine_Hcl,19.9,7.12,5.86,prednisone,19.72,11.17,7.48,4.4,0
Chlorpromazine_Hcl,19.9,7.12,5.86,risperidone,18.33,6.57,5.34,3.2,0
Chlorpromazine_Hcl,19.9,7.12,5.86,fluconazole,19.74,11.6,8.68,5.3,0
Chlorpromazine_Hcl,19.9,7.12,5.86,methotrexate_hydrate,,,,,0
Chlorpromazine_Hcl,19.9,7.12,5.86,tenofovir_alafenamide,19.77,13.11,7.98,6.4,0
Chlorpromazine_Hcl,19.9,7.12,5.86,carbamazepine,20.92,8.06,4.47,2.6,0
Taxol,20.02,8.14,3.68,caffeine,19.56,12.51,8.5,6.6,0
Taxol,20.02,8.14,3.68,succinic_acid,17.31,10.61,21.83,19.1,0
Taxol,20.02,8.14,3.68,octyl_gallate,18.28,6.7,5.16,4,0
Taxol,20.02,8.14,3.68,DL-malic_acid,17.74,12.57,26.01,23.2,0
Taxol,20.02,8.14,3.68,adipic_acid,16.98,8.47,17.7,15.3,0
Taxol,20.02,8.14,3.68,Triazabicyclodecene,18.2,11.97,6.46,6,0
Taxol,20.02,8.14,3.68,DBU,17.68,6.35,4.12,5,0
Taxol,20.02,8.14,3.68,L-asparagine,17.97,15.84,21.72,20,0
Taxol,20.02,8.14,3.68,theobromine,20.27,19.97,12.26,14.6,0
Taxol,20.02,8.14,3.68,"3,3'-thiodipropionic_acid",17.99,9.33,17.18,14.1,0
Taxol,20.02,8.14,3.68,theophylline,19.72,15.42,10.5,10,0
Taxol,20.02,8.14,3.68,borneol,16.9,3.65,7.31,8.5,0
Taxol,20.02,8.14,3.68,cinnamaldehyde,18.72,6.69,5.42,3.4,0
Taxol,20.02,8.14,3.68,aspartame,18.51,10.27,12.2,9.3,0
Taxol,20.02,8.14,3.68,squalene,16.95,0.86,3.12,9.5,0
Taxol,20.02,8.14,3.68,benzaldehyde,18.88,7.99,6.22,3.4,0
Taxol,20.02,8.14,3.68,sodium_deoxycholate,,,,,0
Taxol,20.02,8.14,3.68,cholic_acid,17.59,5.89,9.8,8.1,0
Taxol,20.02,8.14,3.68,glycocholic_acid,18.16,9.57,9.65,7.2,0
Taxol,20.02,8.14,3.68,sucrose_octaacetate,17.14,4.13,8.9,8.7,0
Taxol,20.02,8.14,3.68,trans_anethole,18.44,4.47,5.05,5,0
Taxol,20.02,8.14,3.68,indomethacin,20.69,6.49,6.83,3.8,0
Taxol,20.02,8.14,3.68,terpinyl_butyrate,16.54,2.18,3.61,9.2,0
Taxol,20.02,8.14,3.68,hydrocortisone,19.17,10.13,9.2,6.1,0
Taxol,20.02,8.14,3.68,candesartan_cilexetil,20.92,7.6,2.74,2.1,0
Taxol,20.02,8.14,3.68,neohesperidin_DC,19.52,8.77,8.38,4.8,0
Taxol,20.02,8.14,3.68,ursodiol,17.67,4.96,8.41,7.4,0
Taxol,20.02,8.14,3.68,diclofenac,20.62,6.6,9.97,6.6,0
Taxol,20.02,8.14,3.68,eucalyptol,16.65,2.78,2.46,8.7,0
Taxol,20.02,8.14,3.68,beta_carotene,17.74,0.83,1.9,8.8,0
Taxol,20.02,8.14,3.68,menthol,16.45,3.51,6.91,9.1,0
Taxol,20.02,8.14,3.68,alpha-terpineol,17.03,3.58,7.66,8.5,0
Taxol,20.02,8.14,3.68,fenchyl_alcohol,16.9,3.65,7.31,8.5,0
Taxol,20.02,8.14,3.68,biotin,18.61,12.54,11.01,9,0
Taxol,20.02,8.14,3.68,xylitol,17.65,11.5,28.94,25.9,0
Taxol,20.02,8.14,3.68,trans-cinnamic_acid,18.96,5.39,11.32,8.4,0
Taxol,20.02,8.14,3.68,thimerosal,,,,,0
Taxol,20.02,8.14,3.68,tyramine,19.15,6.66,12.88,9.5,0
Taxol,20.02,8.14,3.68,fumaric_acid,18.16,10.78,23.02,19.9,0
Taxol,20.02,8.14,3.68,congo_red,,,,,1
Taxol,20.02,8.14,3.68,vanillin,19.55,10.69,12.52,9.2,0
Taxol,20.02,8.14,3.68,saccharin,21.51,20.55,10.01,14.2,0
Taxol,20.02,8.14,3.68,allantoin,20.22,27.11,20.72,25.5,0
Taxol,20.02,8.14,3.68,vitamin_A_palmitate,16.79,0.96,1.98,9.8,0
Taxol,20.02,8.14,3.68,acetylcholine_chloride,,,,,0
Taxol,20.02,8.14,3.68,dibutyl_phthalate,17.57,6.7,3.28,5.1,0
Taxol,20.02,8.14,3.68,trometamol,18.86,11.79,26.42,23.1,0
Taxol,20.02,8.14,3.68,benzoyl_peroxide,18.94,7.83,4.33,2.3,0
Taxol,20.02,8.14,3.68,triethyl_citrate,16.76,5.98,10.08,9.4,0
Taxol,20.02,8.14,3.68,triacetin,16.84,5.82,8.67,8.4,0
Taxol,20.02,8.14,3.68,glycerol,18.33,12.69,27.83,24.8,0
Taxol,20.02,8.14,3.68,propylene_glycol,17.27,10.18,22.11,19.3,0
Taxol,20.02,8.14,3.68,mebendazole,20.79,11.36,4.74,3.7,0
Taxol,20.02,8.14,3.68,L-proline,17.81,8.71,14.5,11.7,0
Taxol,20.02,8.14,3.68,L-lysine,16.77,7.19,14.28,12.5,0
Taxol,20.02,8.14,3.68,L-ascorbic_acid,20.31,14.23,25.82,23,0
Taxol,20.02,8.14,3.68,stearic_acid,16.19,2.76,5.24,9.5,0
Taxol,20.02,8.14,3.68,(R)-(+)-Limonene,16.67,1.92,3.19,9.2,0
Taxol,20.02,8.14,3.68,meglumine,17.35,10.29,24.42,21.5,0
Taxol,20.02,8.14,3.68,hydrochlorothiazide,21.49,26.03,14.41,21.1,0
Taxol,20.02,8.14,3.68,ketoprofen,19.46,6.08,7.35,4.4,0
Taxol,20.02,8.14,3.68,memantine_hydrochloride,,,,,0
Taxol,20.02,8.14,3.68,naproxen_sodium,,,,,0
Taxol,20.02,8.14,3.68,mannitol,17.34,11.22,29.88,26.9,0
Taxol,20.02,8.14,3.68,D-sorbitol,17.34,11.22,29.88,26.9,0
Taxol,20.02,8.14,3.68,tannic_acid,,,,,0
Taxol,20.02,8.14,3.68,rhodamine_B,,,,,0
Taxol,20.02,8.14,3.68,moxifloxacin,20.99,14.79,10.92,10,0
Taxol,20.02,8.14,3.68,ciprofloxacin,20.71,16.41,12.59,12.2,0
Taxol,20.02,8.14,3.68,certirizine,19.36,4.83,8.02,5.6,0
Taxol,20.02,8.14,3.68,budesonide,18.56,8.1,5.91,3.7,0
Taxol,20.02,8.14,3.68,etidronic_acid,,,,,0
Taxol,20.02,8.14,3.68,emtricitabine,18.4,11.05,11.14,8.6,0
Taxol,20.02,8.14,3.68,metoprolol(+)-tartrate,,,,,0
Taxol,20.02,8.14,3.68,phenytoin,19.82,5.76,7.36,4.4,0
Taxol,20.02,8.14,3.68,propranolol_hydrochloride,,,,,0
Taxol,20.02,8.14,3.68,captan,20.2,6.01,3.8,2.2,0
Taxol,20.02,8.14,3.68,neotame,17.51,7.55,8.49,7,0
Taxol,20.02,8.14,3.68,alendronate_sodium,,,,,0
Taxol,20.02,8.14,3.68,piroxicam,21.13,17.86,12.48,13.3,0
Taxol,20.02,8.14,3.68,desipramine_hydrochloride,,,,,0
Taxol,20.02,8.14,3.68,nadolol,18.03,6.73,0.1,5.5,0
Taxol,20.02,8.14,3.68,omeprazole,20.33,12.11,6.97,5.2,0
Taxol,20.02,8.14,3.68,labetalol_hydrochloride,,,,,0
Taxol,20.02,8.14,3.68,prednisone,19.72,11.17,7.48,4.9,0
Taxol,20.02,8.14,3.68,risperidone,18.33,6.57,5.34,4.1,0
Taxol,20.02,8.14,3.68,fluconazole,19.74,11.6,8.68,6.1,0
Taxol,20.02,8.14,3.68,methotrexate_hydrate,,,,,0
Taxol,20.02,8.14,3.68,tenofovir_alafenamide,19.77,13.11,7.98,6.6,0
Taxol,20.02,8.14,3.68,carbamazepine,20.92,8.06,4.47,2,0
Physcion,,,,caffeine,,,,,0
Physcion,,,,succinic_acid,,,,,0
Physcion,,,,octyl_gallate,,,,,0
Physcion,,,,DL-malic_acid,,,,,0
Physcion,,,,adipic_acid,,,,,0
Physcion,,,,Triazabicyclodecene,,,,,0
Physcion,,,,DBU,,,,,0
Physcion,,,,L-asparagine,,,,,0
Physcion,,,,theobromine,,,,,0
Physcion,,,,"3,3'-thiodipropionic_acid",,,,,0
Physcion,,,,theophylline,,,,,0
Physcion,,,,borneol,,,,,0
Physcion,,,,cinnamaldehyde,,,,,0
Physcion,,,,aspartame,,,,,0
Physcion,,,,squalene,,,,,0
Physcion,,,,benzaldehyde,,,,,0
Physcion,,,,sodium_deoxycholate,,,,,0
Physcion,,,,cholic_acid,,,,,0
Physcion,,,,glycocholic_acid,,,,,0
Physcion,,,,sucrose_octaacetate,,,,,0
Physcion,,,,trans_anethole,,,,,0
Physcion,,,,indomethacin,,,,,1
Physcion,,,,terpinyl_butyrate,,,,,0
Physcion,,,,hydrocortisone,,,,,0
Physcion,,,,candesartan_cilexetil,,,,,0
Physcion,,,,neohesperidin_DC,,,,,0
Physcion,,,,ursodiol,,,,,0
Physcion,,,,diclofenac,,,,,0
Physcion,,,,eucalyptol,,,,,0
Physcion,,,,beta_carotene,,,,,1
Physcion,,,,menthol,,,,,0
Physcion,,,,alpha-terpineol,,,,,0
Physcion,,,,fenchyl_alcohol,,,,,0
Physcion,,,,biotin,,,,,0
Physcion,,,,xylitol,,,,,0
Physcion,,,,trans-cinnamic_acid,,,,,0
Physcion,,,,thimerosal,,,,,0
Physcion,,,,tyramine,,,,,0
Physcion,,,,fumaric_acid,,,,,0
Physcion,,,,congo_red,,,,,0
Physcion,,,,vanillin,,,,,0
Physcion,,,,saccharin,,,,,0
Physcion,,,,allantoin,,,,,0
Physcion,,,,vitamin_A_palmitate,,,,,0
Physcion,,,,acetylcholine_chloride,,,,,0
Physcion,,,,dibutyl_phthalate,,,,,0
Physcion,,,,trometamol,,,,,0
Physcion,,,,benzoyl_peroxide,,,,,0
Physcion,,,,triethyl_citrate,,,,,0
Physcion,,,,triacetin,,,,,0
Physcion,,,,glycerol,,,,,0
Physcion,,,,propylene_glycol,,,,,0
Physcion,,,,mebendazole,,,,,0
Physcion,,,,L-proline,,,,,0
Physcion,,,,L-lysine,,,,,0
Physcion,,,,L-ascorbic_acid,,,,,0
Physcion,,,,stearic_acid,,,,,0
Physcion,,,,(R)-(+)-Limonene,,,,,0
Physcion,,,,meglumine,,,,,0
Physcion,,,,hydrochlorothiazide,,,,,0
Physcion,,,,ketoprofen,,,,,0
Physcion,,,,memantine_hydrochloride,,,,,0
Physcion,,,,naproxen_sodium,,,,,0
Physcion,,,,mannitol,,,,,0
Physcion,,,,D-sorbitol,,,,,0
Physcion,,,,tannic_acid,,,,,0
Physcion,,,,rhodamine_B,,,,,0
Physcion,,,,moxifloxacin,,,,,0
Physcion,,,,ciprofloxacin,,,,,0
Physcion,,,,certirizine,,,,,0
Physcion,,,,budesonide,,,,,0
Physcion,,,,etidronic_acid,,,,,0
Physcion,,,,emtricitabine,,,,,0
Physcion,,,,metoprolol(+)-tartrate,,,,,0
Physcion,,,,phenytoin,,,,,0
Physcion,,,,propranolol_hydrochloride,,,,,0
Physcion,,,,captan,,,,,0
Physcion,,,,neotame,,,,,0
Physcion,,,,alendronate_sodium,,,,,0
Physcion,,,,piroxicam,,,,,0
Physcion,,,,desipramine_hydrochloride,,,,,0
Physcion,,,,nadolol,,,,,0
Physcion,,,,omeprazole,,,,,0
Physcion,,,,labetalol_hydrochloride,,,,,0
Physcion,,,,prednisone,,,,,0
Physcion,,,,risperidone,,,,,0
Physcion,,,,fluconazole,,,,,0
Physcion,,,,methotrexate_hydrate,,,,,0
Physcion,,,,tenofovir_alafenamide,,,,,0
Physcion,,,,carbamazepine,,,,,0
Curcumine,,,,caffeine,,,,,0
Curcumine,,,,succinic_acid,,,,,0
Curcumine,,,,octyl_gallate,,,,,0
Curcumine,,,,DL-malic_acid,,,,,0
Curcumine,,,,adipic_acid,,,,,0
Curcumine,,,,Triazabicyclodecene,,,,,0
Curcumine,,,,DBU,,,,,0
Curcumine,,,,L-asparagine,,,,,0
Curcumine,,,,theobromine,,,,,0
Curcumine,,,,"3,3'-thiodipropionic_acid",,,,,0
Curcumine,,,,theophylline,,,,,0
Curcumine,,,,borneol,,,,,0
Curcumine,,,,cinnamaldehyde,,,,,0
Curcumine,,,,aspartame,,,,,0
Curcumine,,,,squalene,,,,,0
Curcumine,,,,benzaldehyde,,,,,0
Curcumine,,,,sodium_deoxycholate,,,,,0
Curcumine,,,,cholic_acid,,,,,0
Curcumine,,,,glycocholic_acid,,,,,0
Curcumine,,,,sucrose_octaacetate,,,,,0
Curcumine,,,,trans_anethole,,,,,0
Curcumine,,,,indomethacin,,,,,0
Curcumine,,,,terpinyl_butyrate,,,,,0
Curcumine,,,,hydrocortisone,,,,,0
Curcumine,,,,candesartan_cilexetil,,,,,1
Curcumine,,,,neohesperidin_DC,,,,,0
Curcumine,,,,ursodiol,,,,,0
Curcumine,,,,diclofenac,,,,,0
Curcumine,,,,eucalyptol,,,,,0
Curcumine,,,,beta_carotene,,,,,0
Curcumine,,,,menthol,,,,,0
Curcumine,,,,alpha-terpineol,,,,,0
Curcumine,,,,fenchyl_alcohol,,,,,0
Curcumine,,,,biotin,,,,,0
Curcumine,,,,xylitol,,,,,0
Curcumine,,,,trans-cinnamic_acid,,,,,1
Curcumine,,,,thimerosal,,,,,0
Curcumine,,,,tyramine,,,,,0
Curcumine,,,,fumaric_acid,,,,,0
Curcumine,,,,congo_red,,,,,0
Curcumine,,,,vanillin,,,,,0
Curcumine,,,,saccharin,,,,,0
Curcumine,,,,allantoin,,,,,0
Curcumine,,,,vitamin_A_palmitate,,,,,0
Curcumine,,,,acetylcholine_chloride,,,,,0
Curcumine,,,,dibutyl_phthalate,,,,,0
Curcumine,,,,trometamol,,,,,0
Curcumine,,,,benzoyl_peroxide,,,,,0
Curcumine,,,,triethyl_citrate,,,,,0
Curcumine,,,,triacetin,,,,,0
Curcumine,,,,glycerol,,,,,0
Curcumine,,,,propylene_glycol,,,,,0
Curcumine,,,,mebendazole,,,,,0
Curcumine,,,,L-proline,,,,,0
Curcumine,,,,L-lysine,,,,,0
Curcumine,,,,L-ascorbic_acid,,,,,0
Curcumine,,,,stearic_acid,,,,,0
Curcumine,,,,(R)-(+)-Limonene,,,,,0
Curcumine,,,,meglumine,,,,,0
Curcumine,,,,hydrochlorothiazide,,,,,0
Curcumine,,,,ketoprofen,,,,,0
Curcumine,,,,memantine_hydrochloride,,,,,0
Curcumine,,,,naproxen_sodium,,,,,0
Curcumine,,,,mannitol,,,,,0
Curcumine,,,,D-sorbitol,,,,,0
Curcumine,,,,tannic_acid,,,,,0
Curcumine,,,,rhodamine_B,,,,,0
Curcumine,,,,moxifloxacin,,,,,0
Curcumine,,,,ciprofloxacin,,,,,0
Curcumine,,,,certirizine,,,,,0
Curcumine,,,,budesonide,,,,,0
Curcumine,,,,etidronic_acid,,,,,0
Curcumine,,,,emtricitabine,,,,,0
Curcumine,,,,metoprolol(+)-tartrate,,,,,0
Curcumine,,,,phenytoin,,,,,0
Curcumine,,,,propranolol_hydrochloride,,,,,0
Curcumine,,,,captan,,,,,0
Curcumine,,,,neotame,,,,,0
Curcumine,,,,alendronate_sodium,,,,,0
Curcumine,,,,piroxicam,,,,,0
Curcumine,,,,desipramine_hydrochloride,,,,,0
Curcumine,,,,nadolol,,,,,0
Curcumine,,,,omeprazole,,,,,0
Curcumine,,,,labetalol_hydrochloride,,,,,0
Curcumine,,,,prednisone,,,,,0
Curcumine,,,,risperidone,,,,,0
Curcumine,,,,fluconazole,,,,,0
Curcumine,,,,methotrexate_hydrate,,,,,0
Curcumine,,,,tenofovir_alafenamide,,,,,0
Curcumine,,,,carbamazepine,,,,,0
Etravirine,21.6,10.1,6.5,caffeine,19.56,12.51,8.5,5.1,0
Etravirine,21.6,10.1,6.5,succinic_acid,17.31,10.61,21.83,17.6,0
Etravirine,21.6,10.1,6.5,octyl_gallate,18.28,6.7,5.16,7.6,0
Etravirine,21.6,10.1,6.5,DL-malic_acid,17.74,12.57,26.01,21.1,0
Etravirine,21.6,10.1,6.5,adipic_acid,16.98,8.47,17.7,14.6,0
Etravirine,21.6,10.1,6.5,Triazabicyclodecene,18.2,11.97,6.46,7.1,0
Etravirine,21.6,10.1,6.5,DBU,17.68,6.35,4.12,9,0
Etravirine,21.6,10.1,6.5,L-asparagine,17.97,15.84,21.72,17.8,0
Etravirine,21.6,10.1,6.5,theobromine,20.27,19.97,12.26,11.7,0
Etravirine,21.6,10.1,6.5,"3,3'-thiodipropionic_acid",17.99,9.33,17.18,12.9,0
Etravirine,21.6,10.1,6.5,theophylline,19.72,15.42,10.5,7.6,0
Etravirine,21.6,10.1,6.5,borneol,16.9,3.65,7.31,11.4,0
Etravirine,21.6,10.1,6.5,cinnamaldehyde,18.72,6.69,5.42,6.8,0
Etravirine,21.6,10.1,6.5,aspartame,18.51,10.27,12.2,8.4,0
Etravirine,21.6,10.1,6.5,squalene,16.95,0.86,3.12,13.5,0
Etravirine,21.6,10.1,6.5,benzaldehyde,18.88,7.99,6.22,5.8,0
Etravirine,21.6,10.1,6.5,sodium_deoxycholate,,,,,0
Etravirine,21.6,10.1,6.5,cholic_acid,17.59,5.89,9.8,9.6,0
Etravirine,21.6,10.1,6.5,glycocholic_acid,18.16,9.57,9.65,7.6,0
Etravirine,21.6,10.1,6.5,sucrose_octaacetate,17.14,4.13,8.9,11,0
Etravirine,21.6,10.1,6.5,trans_anethole,18.44,4.47,5.05,8.6,0
Etravirine,21.6,10.1,6.5,indomethacin,20.69,6.49,6.83,4.1,1
Etravirine,21.6,10.1,6.5,terpinyl_butyrate,16.54,2.18,3.61,13.2,0
Etravirine,21.6,10.1,6.5,hydrocortisone,19.17,10.13,9.2,5.6,0
Etravirine,21.6,10.1,6.5,candesartan_cilexetil,20.92,7.6,2.74,4.7,1
Etravirine,21.6,10.1,6.5,neohesperidin_DC,19.52,8.77,8.38,4.8,0
Etravirine,21.6,10.1,6.5,ursodiol,17.67,4.96,8.41,9.6,0
Etravirine,21.6,10.1,6.5,diclofenac,20.62,6.6,9.97,5.3,0
Etravirine,21.6,10.1,6.5,eucalyptol,16.65,2.78,2.46,13,0
Etravirine,21.6,10.1,6.5,beta_carotene,17.74,0.83,1.9,12.9,1
Etravirine,21.6,10.1,6.5,menthol,16.45,3.51,6.91,12.2,0
Etravirine,21.6,10.1,6.5,alpha-terpineol,17.03,3.58,7.66,11.3,0
Etravirine,21.6,10.1,6.5,fenchyl_alcohol,16.9,3.65,7.31,11.4,0
Etravirine,21.6,10.1,6.5,biotin,18.61,12.54,11.01,7.9,0
Etravirine,21.6,10.1,6.5,xylitol,17.65,11.5,28.94,23.8,0
Etravirine,21.6,10.1,6.5,trans-cinnamic_acid,18.96,5.39,11.32,8.6,0
Etravirine,21.6,10.1,6.5,thimerosal,,,,,0
Etravirine,21.6,10.1,6.5,tyramine,19.15,6.66,12.88,8.7,0
Etravirine,21.6,10.1,6.5,fumaric_acid,18.16,10.78,23.02,17.9,0
Etravirine,21.6,10.1,6.5,congo_red,,,,,0
Etravirine,21.6,10.1,6.5,vanillin,19.55,10.69,12.52,7.3,0
Etravirine,21.6,10.1,6.5,saccharin,21.51,20.55,10.01,11,0
Etravirine,21.6,10.1,6.5,allantoin,20.22,27.11,20.72,22.3,0
Etravirine,21.6,10.1,6.5,vitamin_A_palmitate,16.79,0.96,1.98,14,0
Etravirine,21.6,10.1,6.5,acetylcholine_chloride,,,,,0
Etravirine,21.6,10.1,6.5,dibutyl_phthalate,17.57,6.7,3.28,9.3,0
Etravirine,21.6,10.1,6.5,trometamol,18.86,11.79,26.42,20.7,0
Etravirine,21.6,10.1,6.5,benzoyl_peroxide,18.94,7.83,4.33,6.2,0
Etravirine,21.6,10.1,6.5,triethyl_citrate,16.76,5.98,10.08,11.1,0
Etravirine,21.6,10.1,6.5,triacetin,16.84,5.82,8.67,10.7,0
Etravirine,21.6,10.1,6.5,glycerol,18.33,12.69,27.83,22.5,0
Etravirine,21.6,10.1,6.5,propylene_glycol,17.27,10.18,22.11,17.9,0
Etravirine,21.6,10.1,6.5,mebendazole,20.79,11.36,4.74,2.7,0
Etravirine,21.6,10.1,6.5,L-proline,17.81,8.71,14.5,11.1,0
Etravirine,21.6,10.1,6.5,L-lysine,16.77,7.19,14.28,12.7,0
Etravirine,21.6,10.1,6.5,L-ascorbic_acid,20.31,14.23,25.82,19.9,0
Etravirine,21.6,10.1,6.5,stearic_acid,16.19,2.76,5.24,13.1,0
Etravirine,21.6,10.1,6.5,(R)-(+)-Limonene,16.67,1.92,3.19,13.2,0
Etravirine,21.6,10.1,6.5,meglumine,17.35,10.29,24.42,19.8,0
Etravirine,21.6,10.1,6.5,hydrochlorothiazide,21.49,26.03,14.41,17.8,0
Etravirine,21.6,10.1,6.5,ketoprofen,19.46,6.08,7.35,5.9,0
Etravirine,21.6,10.1,6.5,memantine_hydrochloride,,,,,0
Etravirine,21.6,10.1,6.5,naproxen_sodium,,,,,0
Etravirine,21.6,10.1,6.5,mannitol,17.34,11.22,29.88,24.9,0
Etravirine,21.6,10.1,6.5,D-sorbitol,17.34,11.22,29.88,24.9,0
Etravirine,21.6,10.1,6.5,tannic_acid,,,,,0
Etravirine,21.6,10.1,6.5,rhodamine_B,,,,,0
Etravirine,21.6,10.1,6.5,moxifloxacin,20.99,14.79,10.92,6.6,0
Etravirine,21.6,10.1,6.5,ciprofloxacin,20.71,16.41,12.59,8.9,0
Etravirine,21.6,10.1,6.5,certirizine,19.36,4.83,8.02,7.1,0
Etravirine,21.6,10.1,6.5,budesonide,18.56,8.1,5.91,6.4,1
Etravirine,21.6,10.1,6.5,etidronic_acid,,,,,0
Etravirine,21.6,10.1,6.5,emtricitabine,18.4,11.05,11.14,8,0
Etravirine,21.6,10.1,6.5,metoprolol(+)-tartrate,,,,,0
Etravirine,21.6,10.1,6.5,phenytoin,19.82,5.76,7.36,5.7,0
Etravirine,21.6,10.1,6.5,propranolol_hydrochloride,,,,,0
Etravirine,21.6,10.1,6.5,captan,20.2,6.01,3.8,5.6,0
Etravirine,21.6,10.1,6.5,neotame,17.51,7.55,8.49,8.8,0
Etravirine,21.6,10.1,6.5,alendronate_sodium,,,,,0
Etravirine,21.6,10.1,6.5,piroxicam,21.13,17.86,12.48,9.8,0
Etravirine,21.6,10.1,6.5,desipramine_hydrochloride,,,,,0
Etravirine,21.6,10.1,6.5,nadolol,18.03,6.73,0.1,10.2,0
Etravirine,21.6,10.1,6.5,omeprazole,20.33,12.11,6.97,3.3,0
Etravirine,21.6,10.1,6.5,labetalol_hydrochloride,,,,,0
Etravirine,21.6,10.1,6.5,prednisone,19.72,11.17,7.48,4,0
Etravirine,21.6,10.1,6.5,risperidone,18.33,6.57,5.34,7.5,0
Etravirine,21.6,10.1,6.5,fluconazole,19.74,11.6,8.68,4.6,0
Etravirine,21.6,10.1,6.5,methotrexate_hydrate,,,,,0
Etravirine,21.6,10.1,6.5,tenofovir_alafenamide,19.77,13.11,7.98,5,0
Etravirine,21.6,10.1,6.5,carbamazepine,20.92,8.06,4.47,3.2,1
Clofazimine,21.58,5.34,3.19,caffeine,19.56,12.51,8.5,9.8,0
Clofazimine,21.58,5.34,3.19,succinic_acid,17.31,10.61,21.83,21.2,0
Clofazimine,21.58,5.34,3.19,octyl_gallate,18.28,6.7,5.16,7,0
Clofazimine,21.58,5.34,3.19,DL-malic_acid,17.74,12.57,26.01,25.1,0
Clofazimine,21.58,5.34,3.19,adipic_acid,16.98,8.47,17.7,17.5,0
Clofazimine,21.58,5.34,3.19,Triazabicyclodecene,18.2,11.97,6.46,10,0
Clofazimine,21.58,5.34,3.19,DBU,17.68,6.35,4.12,7.9,0
Clofazimine,21.58,5.34,3.19,L-asparagine,17.97,15.84,21.72,22.5,0
Clofazimine,21.58,5.34,3.19,theobromine,20.27,19.97,12.26,17.4,0
Clofazimine,21.58,5.34,3.19,"3,3'-thiodipropionic_acid",17.99,9.33,17.18,16.2,0
Clofazimine,21.58,5.34,3.19,theophylline,19.72,15.42,10.5,13,0
Clofazimine,21.58,5.34,3.19,borneol,16.9,3.65,7.31,10.4,0
Clofazimine,21.58,5.34,3.19,cinnamaldehyde,18.72,6.69,5.42,6.3,0
Clofazimine,21.58,5.34,3.19,aspartame,18.51,10.27,12.2,12,0
Clofazimine,21.58,5.34,3.19,squalene,16.95,0.86,3.12,10.3,0
Clofazimine,21.58,5.34,3.19,benzaldehyde,18.88,7.99,6.22,6.7,0
Clofazimine,21.58,5.34,3.19,sodium_deoxycholate,,,,,0
Clofazimine,21.58,5.34,3.19,cholic_acid,17.59,5.89,9.8,10.4,0
Clofazimine,21.58,5.34,3.19,glycocholic_acid,18.16,9.57,9.65,10.3,0
Clofazimine,21.58,5.34,3.19,sucrose_octaacetate,17.14,4.13,8.9,10.6,0
Clofazimine,21.58,5.34,3.19,trans_anethole,18.44,4.47,5.05,6.6,0
Clofazimine,21.58,5.34,3.19,indomethacin,20.69,6.49,6.83,4.2,1
Clofazimine,21.58,5.34,3.19,terpinyl_butyrate,16.54,2.18,3.61,10.6,0
Clofazimine,21.58,5.34,3.19,hydrocortisone,19.17,10.13,9.2,9.1,0
Clofazimine,21.58,5.34,3.19,candesartan_cilexetil,20.92,7.6,2.74,2.7,1
Clofazimine,21.58,5.34,3.19,neohesperidin_DC,19.52,8.77,8.38,7.5,0
Clofazimine,21.58,5.34,3.19,ursodiol,17.67,4.96,8.41,9.4,0
Clofazimine,21.58,5.34,3.19,diclofenac,20.62,6.6,9.97,7.2,0
Clofazimine,21.58,5.34,3.19,eucalyptol,16.65,2.78,2.46,10.2,0
Clofazimine,21.58,5.34,3.19,beta_carotene,17.74,0.83,1.9,9,0
Clofazimine,21.58,5.34,3.19,menthol,16.45,3.51,6.91,11.1,0
Clofazimine,21.58,5.34,3.19,alpha-terpineol,17.03,3.58,7.66,10.3,0
Clofazimine,21.58,5.34,3.19,fenchyl_alcohol,16.9,3.65,7.31,10.4,0
Clofazimine,21.58,5.34,3.19,biotin,18.61,12.54,11.01,12.2,0
Clofazimine,21.58,5.34,3.19,xylitol,17.65,11.5,28.94,27.6,0
Clofazimine,21.58,5.34,3.19,trans-cinnamic_acid,18.96,5.39,11.32,9.7,0
Clofazimine,21.58,5.34,3.19,thimerosal,,,,,0
Clofazimine,21.58,5.34,3.19,tyramine,19.15,6.66,12.88,10.9,0
Clofazimine,21.58,5.34,3.19,fumaric_acid,18.16,10.78,23.02,21.7,0
Clofazimine,21.58,5.34,3.19,congo_red,,,,,0
Clofazimine,21.58,5.34,3.19,vanillin,19.55,10.69,12.52,11.5,0
Clofazimine,21.58,5.34,3.19,saccharin,21.51,20.55,10.01,16.7,0
Clofazimine,21.58,5.34,3.19,allantoin,20.22,27.11,20.72,28.1,0
Clofazimine,21.58,5.34,3.19,vitamin_A_palmitate,16.79,0.96,1.98,10.6,0
Clofazimine,21.58,5.34,3.19,acetylcholine_chloride,,,,,0
Clofazimine,21.58,5.34,3.19,dibutyl_phthalate,17.57,6.7,3.28,8.1,0
Clofazimine,21.58,5.34,3.19,trometamol,18.86,11.79,26.42,24.7,0
Clofazimine,21.58,5.34,3.19,benzoyl_peroxide,18.94,7.83,4.33,5.9,0
Clofazimine,21.58,5.34,3.19,triethyl_citrate,16.76,5.98,10.08,11.9,0
Clofazimine,21.58,5.34,3.19,triacetin,16.84,5.82,8.67,11,0
Clofazimine,21.58,5.34,3.19,glycerol,18.33,12.69,27.83,26.5,0
Clofazimine,21.58,5.34,3.19,propylene_glycol,17.27,10.18,22.11,21.3,0
Clofazimine,21.58,5.34,3.19,mebendazole,20.79,11.36,4.74,6.4,1
Clofazimine,21.58,5.34,3.19,L-proline,17.81,8.71,14.5,14,0
Clofazimine,21.58,5.34,3.19,L-lysine,16.77,7.19,14.28,14.8,0
Clofazimine,21.58,5.34,3.19,L-ascorbic_acid,20.31,14.23,25.82,24.4,0
Clofazimine,21.58,5.34,3.19,stearic_acid,16.19,2.76,5.24,11.3,0
Clofazimine,21.58,5.34,3.19,(R)-(+)-Limonene,16.67,1.92,3.19,10.4,0
Clofazimine,21.58,5.34,3.19,meglumine,17.35,10.29,24.42,23.4,0
Clofazimine,21.58,5.34,3.19,hydrochlorothiazide,21.49,26.03,14.41,23.5,0
Clofazimine,21.58,5.34,3.19,ketoprofen,19.46,6.08,7.35,6,0
Clofazimine,21.58,5.34,3.19,memantine_hydrochloride,,,,,0
Clofazimine,21.58,5.34,3.19,naproxen_sodium,,,,,0
Clofazimine,21.58,5.34,3.19,mannitol,17.34,11.22,29.88,28.6,0
Clofazimine,21.58,5.34,3.19,D-sorbitol,17.34,11.22,29.88,28.6,0
Clofazimine,21.58,5.34,3.19,tannic_acid,,,,,0
Clofazimine,21.58,5.34,3.19,rhodamine_B,,,,,0
Clofazimine,21.58,5.34,3.19,moxifloxacin,20.99,14.79,10.92,12.3,0
Clofazimine,21.58,5.34,3.19,ciprofloxacin,20.71,16.41,12.59,14.6,0
Clofazimine,21.58,5.34,3.19,certirizine,19.36,4.83,8.02,6.6,0
Clofazimine,21.58,5.34,3.19,budesonide,18.56,8.1,5.91,7.2,0
Clofazimine,21.58,5.34,3.19,etidronic_acid,,,,,0
Clofazimine,21.58,5.34,3.19,emtricitabine,18.4,11.05,11.14,11.7,0
Clofazimine,21.58,5.34,3.19,metoprolol(+)-tartrate,,,,,0
Clofazimine,21.58,5.34,3.19,phenytoin,19.82,5.76,7.36,5.5,0
Clofazimine,21.58,5.34,3.19,propranolol_hydrochloride,,,,,0
Clofazimine,21.58,5.34,3.19,captan,20.2,6.01,3.8,2.9,0
Clofazimine,21.58,5.34,3.19,neotame,17.51,7.55,8.49,10,0
Clofazimine,21.58,5.34,3.19,alendronate_sodium,,,,,0
Clofazimine,21.58,5.34,3.19,piroxicam,21.13,17.86,12.48,15.6,0
Clofazimine,21.58,5.34,3.19,desipramine_hydrochloride,,,,,0
Clofazimine,21.58,5.34,3.19,nadolol,18.03,6.73,0.1,7.9,0
Clofazimine,21.58,5.34,3.19,omeprazole,20.33,12.11,6.97,8.1,0
Clofazimine,21.58,5.34,3.19,labetalol_hydrochloride,,,,,0
Clofazimine,21.58,5.34,3.19,prednisone,19.72,11.17,7.48,8.1,0
Clofazimine,21.58,5.34,3.19,risperidone,18.33,6.57,5.34,7,0
Clofazimine,21.58,5.34,3.19,fluconazole,19.74,11.6,8.68,9.1,0
Clofazimine,21.58,5.34,3.19,methotrexate_hydrate,,,,,0
Clofazimine,21.58,5.34,3.19,tenofovir_alafenamide,19.77,13.11,7.98,9.8,0
Clofazimine,21.58,5.34,3.19,carbamazepine,20.92,8.06,4.47,3.3,0
Pranlukast,21.08,11.99,4.65,caffeine,19.56,12.51,8.5,4.9,0
Pranlukast,21.08,11.99,4.65,succinic_acid,17.31,10.61,21.83,18.8,0
Pranlukast,21.08,11.99,4.65,octyl_gallate,18.28,6.7,5.16,7.7,0
Pranlukast,21.08,11.99,4.65,DL-malic_acid,17.74,12.57,26.01,22.4,0
Pranlukast,21.08,11.99,4.65,adipic_acid,16.98,8.47,17.7,15.8,0
Pranlukast,21.08,11.99,4.65,Triazabicyclodecene,18.2,11.97,6.46,6,0
Pranlukast,21.08,11.99,4.65,DBU,17.68,6.35,4.12,8.9,0
Pranlukast,21.08,11.99,4.65,L-asparagine,17.97,15.84,21.72,18.6,0
Pranlukast,21.08,11.99,4.65,theobromine,20.27,19.97,12.26,11.1,0
Pranlukast,21.08,11.99,4.65,"3,3'-thiodipropionic_acid",17.99,9.33,17.18,14.2,0
Pranlukast,21.08,11.99,4.65,theophylline,19.72,15.42,10.5,7.3,0
Pranlukast,21.08,11.99,4.65,borneol,16.9,3.65,7.31,12.1,0
Pranlukast,21.08,11.99,4.65,cinnamaldehyde,18.72,6.69,5.42,7.1,0
Pranlukast,21.08,11.99,4.65,aspartame,18.51,10.27,12.2,9.3,0
Pranlukast,21.08,11.99,4.65,squalene,16.95,0.86,3.12,13.9,0
Pranlukast,21.08,11.99,4.65,benzaldehyde,18.88,7.99,6.22,6.2,0
Pranlukast,21.08,11.99,4.65,sodium_deoxycholate,,,,,0
Pranlukast,21.08,11.99,4.65,cholic_acid,17.59,5.89,9.8,10.6,0
Pranlukast,21.08,11.99,4.65,glycocholic_acid,18.16,9.57,9.65,8.1,0
Pranlukast,21.08,11.99,4.65,sucrose_octaacetate,17.14,4.13,8.9,11.9,0
Pranlukast,21.08,11.99,4.65,trans_anethole,18.44,4.47,5.05,9.2,0
Pranlukast,21.08,11.99,4.65,indomethacin,20.69,6.49,6.83,6,0
Pranlukast,21.08,11.99,4.65,terpinyl_butyrate,16.54,2.18,3.61,13.4,0
Pranlukast,21.08,11.99,4.65,hydrocortisone,19.17,10.13,9.2,6.2,0
Pranlukast,21.08,11.99,4.65,candesartan_cilexetil,20.92,7.6,2.74,4.8,0
Pranlukast,21.08,11.99,4.65,neohesperidin_DC,19.52,8.77,8.38,5.8,0
Pranlukast,21.08,11.99,4.65,ursodiol,17.67,4.96,8.41,10.5,0
Pranlukast,21.08,11.99,4.65,diclofenac,20.62,6.6,9.97,7.6,0
Pranlukast,21.08,11.99,4.65,eucalyptol,16.65,2.78,2.46,13,0
Pranlukast,21.08,11.99,4.65,beta_carotene,17.74,0.83,1.9,13.3,0
Pranlukast,21.08,11.99,4.65,menthol,16.45,3.51,6.91,12.8,0
Pranlukast,21.08,11.99,4.65,alpha-terpineol,17.03,3.58,7.66,12.1,0
Pranlukast,21.08,11.99,4.65,fenchyl_alcohol,16.9,3.65,7.31,12.1,0
Pranlukast,21.08,11.99,4.65,biotin,18.61,12.54,11.01,8.1,0
Pranlukast,21.08,11.99,4.65,xylitol,17.65,11.5,28.94,25.2,0
Pranlukast,21.08,11.99,4.65,trans-cinnamic_acid,18.96,5.39,11.32,10.3,0
Pranlukast,21.08,11.99,4.65,thimerosal,,,,,0
Pranlukast,21.08,11.99,4.65,tyramine,19.15,6.66,12.88,10.5,0
Pranlukast,21.08,11.99,4.65,fumaric_acid,18.16,10.78,23.02,19.3,0
Pranlukast,21.08,11.99,4.65,congo_red,,,,,0
Pranlukast,21.08,11.99,4.65,vanillin,19.55,10.69,12.52,8.5,0
Pranlukast,21.08,11.99,4.65,saccharin,21.51,20.55,10.01,10.1,0
Pranlukast,21.08,11.99,4.65,allantoin,20.22,27.11,20.72,22.1,0
Pranlukast,21.08,11.99,4.65,vitamin_A_palmitate,16.79,0.96,1.98,14.2,0
Pranlukast,21.08,11.99,4.65,acetylcholine_chloride,,,,,0
Pranlukast,21.08,11.99,4.65,dibutyl_phthalate,17.57,6.7,3.28,8.9,0
Pranlukast,21.08,11.99,4.65,trometamol,18.86,11.79,26.42,22.2,0
Pranlukast,21.08,11.99,4.65,benzoyl_peroxide,18.94,7.83,4.33,6,0
Pranlukast,21.08,11.99,4.65,triethyl_citrate,16.76,5.98,10.08,11.8,0
Pranlukast,21.08,11.99,4.65,triacetin,16.84,5.82,8.67,11.2,0
Pranlukast,21.08,11.99,4.65,glycerol,18.33,12.69,27.83,23.8,0
Pranlukast,21.08,11.99,4.65,propylene_glycol,17.27,10.18,22.11,19.1,0
Pranlukast,21.08,11.99,4.65,mebendazole,20.79,11.36,4.74,0.9,0
Pranlukast,21.08,11.99,4.65,L-proline,17.81,8.71,14.5,12.3,0
Pranlukast,21.08,11.99,4.65,L-lysine,16.77,7.19,14.28,13.8,0
Pranlukast,21.08,11.99,4.65,L-ascorbic_acid,20.31,14.23,25.82,21.3,0
Pranlukast,21.08,11.99,4.65,stearic_acid,16.19,2.76,5.24,13.5,0
Pranlukast,21.08,11.99,4.65,(R)-(+)-Limonene,16.67,1.92,3.19,13.5,0
Pranlukast,21.08,11.99,4.65,meglumine,17.35,10.29,24.42,21.2,0
Pranlukast,21.08,11.99,4.65,hydrochlorothiazide,21.49,26.03,14.41,17.1,0
Pranlukast,21.08,11.99,4.65,ketoprofen,19.46,6.08,7.35,7.3,0
Pranlukast,21.08,11.99,4.65,memantine_hydrochloride,,,,,0
Pranlukast,21.08,11.99,4.65,naproxen_sodium,,,,,0
Pranlukast,21.08,11.99,4.65,mannitol,17.34,11.22,29.88,26.3,0
Pranlukast,21.08,11.99,4.65,D-sorbitol,17.34,11.22,29.88,26.3,0
Pranlukast,21.08,11.99,4.65,tannic_acid,,,,,0
Pranlukast,21.08,11.99,4.65,rhodamine_B,,,,,0
Pranlukast,21.08,11.99,4.65,moxifloxacin,20.99,14.79,10.92,6.9,0
Pranlukast,21.08,11.99,4.65,ciprofloxacin,20.71,16.41,12.59,9.1,0
Pranlukast,21.08,11.99,4.65,certirizine,19.36,4.83,8.02,8.6,0
Pranlukast,21.08,11.99,4.65,budesonide,18.56,8.1,5.91,6.5,0
Pranlukast,21.08,11.99,4.65,etidronic_acid,,,,,0
Pranlukast,21.08,11.99,4.65,emtricitabine,18.4,11.05,11.14,8.5,0
Pranlukast,21.08,11.99,4.65,metoprolol(+)-tartrate,,,,,0
Pranlukast,21.08,11.99,4.65,phenytoin,19.82,5.76,7.36,7.2,0
Pranlukast,21.08,11.99,4.65,propranolol_hydrochloride,,,,,0
Pranlukast,21.08,11.99,4.65,captan,20.2,6.01,3.8,6.3,0
Pranlukast,21.08,11.99,4.65,neotame,17.51,7.55,8.49,9.2,0
Pranlukast,21.08,11.99,4.65,alendronate_sodium,,,,,0
Pranlukast,21.08,11.99,4.65,piroxicam,21.13,17.86,12.48,9.8,0
Pranlukast,21.08,11.99,4.65,desipramine_hydrochloride,,,,,0
Pranlukast,21.08,11.99,4.65,nadolol,18.03,6.73,0.1,9.3,0
Pranlukast,21.08,11.99,4.65,omeprazole,20.33,12.11,6.97,2.8,0
Pranlukast,21.08,11.99,4.65,labetalol_hydrochloride,,,,,0
Pranlukast,21.08,11.99,4.65,prednisone,19.72,11.17,7.48,4,0
Pranlukast,21.08,11.99,4.65,risperidone,18.33,6.57,5.34,7.8,0
Pranlukast,21.08,11.99,4.65,fluconazole,19.74,11.6,8.68,4.9,0
Pranlukast,21.08,11.99,4.65,methotrexate_hydrate,,,,,0
Pranlukast,21.08,11.99,4.65,tenofovir_alafenamide,19.77,13.11,7.98,4.4,0
Pranlukast,21.08,11.99,4.65,carbamazepine,20.92,8.06,4.47,3.9,0